浦发银行(600000)：经营节奏整体平稳,公司,中国国际金融股份有限公司,张帅帅/周基明,2022-11-22,"3Q22 业绩符合我们预期   
    浦发银行公布3Q22 业绩，1-3Q22 公司营业收入/归母净利润同比分别增长0.1%/下降2.6%，3Q22 公司营业收入/归母净利润同比分别下降2.3%/下降12.1%，业绩符合我们预期。   
    发展趋势   
    营收整体平稳，成本小幅上行。1-3Q22 公司营收同比+0.1%（1H22 同比+1.3%），归母净利润同比-2.6%（1H22 同比+1.1%）。1）收入端，1-3Q 利息净收入同比+0.2%（1H22 同比+1.5%），息差下行影响利息业务表现，非息收入同比持平（1H22 同比+0.9%）。2）成本端，1-3Q22 成本收入比同比上升2.1ppt 至26.2%，成本控制压力有所上升。3）拨备端，1-3Q22 公司信用减值损失同比下降1.9%，整体拨备计提保持审慎。   
    资产扩张小幅承压，息差下行压力仍然存在。1）资产增速转负：3Q22 公司总资产环比下降0.9%，其中贷款环比增长0.8%，增速维持平稳趋势。   
    负债端，存款三季度环比增长1.3%，增速相对放缓（2Q22 环比+3.4%）。   
    2）息差仍存下行压力：以期初期末平均余额测算，资产收益率下行趋势在三季度有所缓解，负债端成本提升对息差造成负面影响。   
    中收与投资业务仍待恢复。1）中间业务方面：1-3Q 手续费及佣金净收入同比-0.6%（1H22 同比+0.1%），托管业务保持稳健增长。2）投资业务方面：投资收益、公允价值变动收益与汇兑收益合计同比-1.6%（1H22 同比-2.6%），债券交易持续增长，人民币拆借回购交易量同比提升28%。   
    资产质量指标持续改善，拨备水平小幅下降。1）账面资产质量改善：   
    3Q22 公司不良贷款率环比2Q22 下降3bp 至1.53%，关注贷款率环比下降18bp 至1.97%，资产质量指标组合处于改善过程中。2）拨备水平持稳：   
    3Q22 公司拨备覆盖率环比下降3.0ppt 至155.5%，风险抵补能力仍待提升。   
    盈利预测与估值   
    维持盈利预测不变, 当前股价对应2022E 0.3x P/B，3.8x P/E，2023E 0.3xP/B，3.7x P/E，考虑到市场波动下风险溢价上升，我们下调目标价15.8%至8.64 元，对应2022E 0.4x P/B，4.7x P/E，2022E 0.4x P/B，4.8xP/E，较当前价格有27.0%的上涨空间，维持跑赢行业评级。   
    风险   
    宏观经济大幅波动，导致资产质量超预期恶化。"
浦发银行(600000)：信贷投放边际修复 风险继续压降,公司,广发证券股份有限公司,倪军/屈俊/万思华,2022-11-06,"前三季度业绩环比小幅下滑，基本符合预期。公司发布22 年三季报，前三季度营收、归母净利润同比分别增长0.1%、-2.6%，增幅较22H1分别下降1.2PCT、3.7PCT。从收入支出主要要素拆解来看：（1）收入端，各细项收入增长均较为缓慢。前三季度净利息收入、中收、其他非息同比增速分别为0.2%、-0.6%、0.6%，预计主要是受长三角地区疫情反复的影响，在此背景下，公司保持了较稳健的风险偏好，在规模扩张、资产定价等方面总体维持平稳。（2）支出端，费用支出有所增加，拨备支出同比下降。前三季度业务及管理费同比增长8.8%，成本收入比同比上升2.1PCT，预计是金融科技、数字化转型方面的支出增长所致；总减值损失同比下降1.9%，可能是受益于非信贷资产减值损失同比减少。   
　　Q3 信贷投量放边际修复，信贷结构继续调整，净息差环比基本稳定。   
　　据我们测算，公司前三季度净息差（年化）环比基本持平，资产收益率环比上升基本抵消了负债成本率环比上升的影响。具体来看：（1）资产端，Q3 信贷投放量环比上升，结构上，主要投向了普惠、绿色金融、制造业中长期等对公领域，其次零售的信用卡贷款也出现恢复性增长，资产结构和信贷结构的优化支撑资产收益率环比小幅回升；（2）负债端，Q3 企业活期存款和居民活期存款环比均有所流失，同期企业和居民的定期存款需求环比上升，预计是导致负债成本率环比上升的主因。   
　　积极推进风险化解，不良和关注类指标环比均改善。公司继续聚焦风险压降核心目标，严格风险分类，推进风险压降。Q3 末，关注类贷款余额及占比环比双降，关注类贷款占比已压降至2%以下，是2015 年以来最低水平；不良贷款余额及占比实现连续11 个季度环比双降。Q3末拨备覆盖率为155.5%。总的来看，公司继续推进风险化解，筑牢后续稳健发展的基石。   
　　盈利预测与投资建议：公司坚持以高质量发展为主线，加强转型、调整结构、压降风险，经营总体稳健。继续巩固长三角区位优势，推进轻型化转型、双碳转型、数字化转型，积极推动风险化解，经营模式趋于优化。预计公司22/23 年归母净利润增速分别为-1.3%、3.2%，EPS 分别为1.60/1.66 元/股，当前股价对应22/23 年PE 分别为4.2X/4.0X，对应22/23 年PB 分别为0.33X/0.31X。综合考虑公司近两年 PB（LF）估值中枢、基本面情况以及行业估值水平，给予22 年PB 估值0.4X，合理价值8.13 元/股，维持“买入”评级。   
　　风险提示：（1）经济增长超预期下滑；（2）资产质量大幅恶化；（3）疫情反复超预期；（4）政策调控超预期。"
浦发银行(600000)2022年三季报点评：盈利放缓 不良企稳,公司,浙商证券股份有限公司,梁凤洁/邱冠华/赵洋,2022-11-02,"投资要点   
    浦发银行营收及归母净利润增速环比下行；不良贷款余额和不良率连续第11 个季度实现“双降”，资产质量呈企稳好转态势。   
    数据概览   
    22Q1-3 归母净利润同比-2.6%，增速环比22H1 下行3.7pc；营收同比+0.1%，增速环比-1.2pc；ROE（年化）8.92%，同比-75bp；ROA（年化）0.66%，同比-4bp；22Q3 末不良率环比Q2 末-3bp 至1.53%，拨备覆盖率环比-3pc 至155%。   
    主要观点   
    1、盈利放缓。22Q1-3 归母净利润同比下降2.6%，增速环比22H1 下行3.7pc；营业收入同比增长0.1%，增速环比下行1.2pc。主要制约因素为净息差环比下行、业务及管理费环比上升，规模、信用成本及税收因素波动不大。   
    具体来看：①息差下行。22Q3 单季净息差（期初期末口径）环比22H1 下行6bp至1.73%，对营收的负贡献从22H1 的-1.9%扩大到22Q1-3 的-3.0%。压力主要在负债端，计息负债成本率Q3 单季度环比Q2 上升7bp 至2.25%，主要归因于存款定期化趋势加剧。22Q3 末活期存款余额环比Q2 末-3.6%，定期存款余额环比Q2末+5.6%。存款市场竞争日渐激烈，且客户财富管理产品风险偏好下降，从高风险产品向高定价定期存款回流，造成活期存款萎缩、定期存款快速增长。②费用上升。22Q3 单季计支业务及管理费环比Q2 增加7.9%，使得费用对净利润的负贡献从22H1 的-1.1%扩大至22Q1-3 的-2.9%，主要为上缴监管费所致。   
    展望全年，预计浦发银行营收增速稳中趋降，归母净利润增速稳中趋升。主要基于：①息差仍有压力。预计生息资产收益率可保持稳定，但付息负债成本率持续承压。②费用影响缓解。因一次性费用缴交导致的归母净利润压力可有所缓解。   
    2、资产转型。22Q1-3 生息资产规模同比+3.2%，增速环比22H1 下行0.2pc，基本保持稳定，规模增长仍受零售联合贷款压降的制约；Q3 单季生息资产收益率与Q2 持平，略好于预期。浦发银行新增资产投放聚焦在长三角区域、以集成电路、人工智能、生物医药、民用航空为代表的高端制造业等重点领域，制造业贷款、科创金融、自贸金融增速均在20%以上，资产结构趋于优化。   
    3、不良企稳。22Q3 末不良余额环比Q2 末-8 亿元，不良率环比Q2 末-3bp，连续第11 个季度实现不良双降。22Q1-3 资产减值损失同比-1.9%，其中贷款减值损失同比-0.9%， TTM 真实不良净生成率环比-5bp，资产质量呈企稳好转态势。   
    盈利预测与估值   
    预计浦发银行2022-2024 年归母净利润同比增长-1.00%/1.67%/5.88%，对应BPS20.13/21.36/22.68 元股。现价对应PB 估值 0.33/0.32/0.30 倍。目标价9.06 元/股（分红调整后），对应2022 年PB 0.45 倍，现价空间34%。   
    风险提升   
    宏观经济失速，不良大幅暴露"
浦发银行(600000)2022年中报点评：不良持续双降 业绩逐步筑底,公司,浙商证券股份有限公司,梁凤洁/邱冠华/赵洋,2022-09-06,"投资要点   
    浦发银行22H1 营收增长企稳筑底，息差降幅优于同业，不良贷款持续双降。   
    数据概览   
    22H1 营业收入同比增长1.3%，增速环比提升0.3pc；归母净利润同比增长1.1%，增速环比放缓2.6pc；ROE（经年化）为10.3%，同比下降0.4pc；ROA（经年化）为0.76%，同比持平。22Q2 末不良余额760 亿元，环比减少5 亿元；不良率为1.56%，环比下降2bp；不良贷款的准备金覆盖率158%，环比提升10pc。   
    营收增长企稳筑底   
    22H1 营收同比+1.3%，增速环比+0.3pc；归母净利润同比+1.1%，增速环比-2.6pc。营收增速企稳，得益于其他非息快速增长，略受息差和手续费收入拖累，归母净利润增速环比下行主要受减值影响。   
    具体来看：（1）规模增长保持稳定。22H1 生息资产（期初期末口径）同比+3.4%，与Q1 持平。（2）息差降幅优于同业。22Q2 单季净息差1.79%，环比-4bp，同比-5bp，下行幅度优于股份制同业。（3）手续费收入承压。22H1 手续费增速环比-2.4pc 至0.1%。主要受资本市场调整影响，基金等高收益产品销量下滑，符合市场大势。（4）其他非息快速增长。22H1 其他非息收入同比+1.7%，增速环比+8.8%。归因于市场利率下行，交易性金融资产价值上升。（5）减值损失有所上升。Q2 受上海疫情影响，资产质量承压，减值损失增速环比提高4.3pc 至0.8%，拖累利润增长。展望下半年，随着上海地区疫情好转、需求恢复，预计规模、息差可保持稳健发展态势，营收、利润有望企稳筑底。   
    息差降幅优于同业   
    22H1 净息差1.84%，较年初+1bp，Q2 单季净息差（期初期末口径）环比-4bp，降幅优于股份制同业。Q2 单季生息资产收益率环比-9bp，符合市场大势；计息负债成本率-4bp，显著优于同业，主要得益于存款占比上升、同业负债成本下行。   
    22Q2 存款环比+3.4%，较计息负债快2.7pc；同业负债环比+7.9%。同时，Q2 市场有效需求不足，同业负债利率下行，进一步推动计息负债成本走低。   
    不良贷款持续双降   
    22Q2 末，不良余额760 亿元，环比-5 亿元；不良率1.56%，环比-5bp；连续第10个季度保持双降。不良贷款的准备金覆盖率环比+10pc 至158%，重新回到150%以上。从行业来看，资产质量主要压力点为房地产和个人贷款，房地产不良率较年初+112bp 至3.83%，个人贷款不良率较年初+14bp 至1.42%，符合行业趋势。展望下半年，随着地产纾困政策出台和经济修复居民消费改善，房地产和个人贷款风险有望缓解，资产质量有望继续保持向好态势。   
    盈利预测与估值   
    浦发银行逐渐完成业绩筑底， 预计2022-2024 年归母净利润同比增长1.7%/4.4%/4.7%， 对应BPS20.25/21.57/22.95 元/股。现价对应PB 估值0.36/0.33/0.31 倍。考虑疫情和经济不确定性，下调目标价至10.13 元/股，对应2022 年PB0.5 倍，现价空间40%。   
    不良贷款持续双降风险提示：经济失速，不良爆发。"
浦发银行(600000)：净息差企稳回升 风险压降成效显现,公司,天风证券股份有限公司,郭其伟/刘斐然,2022-09-02,"规模扩张贡献营收，贷款减值拖累盈利   
　　公司发布22 年半年报，业绩表现符合预期，营业收入、归母净利润分别同比增长1.31%、1.13%,年化加权平均ROE 同比微降46bp 至10.26%。22H1营收增速较22Q1 提升34bp，主要来自规模扩张带来的利息净收入正向贡献；但22H1 归母净利润环比22Q1 下降2.57%，究其原因主要是公司严格不良贷款分类管理，贷款减值损失同比上升10.40%，对盈利造成一定拖累。   
　　净息差企稳回升，规模扩张驱动收入增长   
　　22H1 公司利息收入同比上升0.61%、利息支出同比下降0.12%，两端发力推动公司净利息收入同比增长1.51%，占比营收较去年同期上升14bp。22H1公司净息差1.84%,较21 全年上升1bp，出现了企稳回升态势，在收益率普遍下行的市场环境下保持了与去年同期持平的水平。其中，生息资产平均收益率4.03%，较上年末下降3bp;计息负债平均成本率较21 全年下降5bp达2.24%，对生息资产收益率下行起到了抵补作用。随着疫情趋缓、公司资产负债结构优化，我们预计公司净息差有望持续回升贡献营收增长。   
　　利息净收入的增长主要来自规模扩张的驱动。22H1 公司资产投放实现较快增长，贷款总额较21 年末增长1.93%，其中公司贷款增长5.49%，是贷款增长的主要引擎。贷款投放板块方面，上半年对公贷款端制造业中长期贷款投放力度加大，普惠及消费贷款成为个贷第一增长极。同时，上半年公司存款增长6.39%，快于负债整体增速，且22Q2 单季环比较22Q1 提升50bp达3.36%，负债结构的优化有利于减轻公司负债成本压力，提升盈利水平。   
　　风险压降成效显著，风险抵补逐渐夯实   
　　公司坚持风险“控新降旧”并举，持续加大存量不良资产处置力度，风险压降成效显著。22H1 末不良贷款率较22Q1 再下降2bp 达 1.56%，不良指标连续十个季度实现余额、比率双降；关注贷款率环比下降2bp 达 2.15%，资产质量不断改善。拨备覆盖方面，22H1 末公司覆盖率较22Q1 末提升11.54pct 达 158.49%；拨贷比环比提升15bp 达2.47%,风险抵补能力逐渐夯实。   
　　投资建议：打造长三角区位优势，资产质量改善可期公司将长三角作为业务发展的主阵地，在长三角地区形成了完善的网络布局、业务特色和服务优势，区域内存、贷款余额位列股份行第一。资产负债规模有望稳步扩张，资产质量持续改善可期，我们看好公司长期稳健发展的能力。考虑到公司上半年受疫情扰动等因素影响，营收增速较预期有所放缓，我们调整2022-2024 年归母净利润同比增速为4.30%（前值8.33%）、7.90%、9.38%。目前对应公司PB（MRQ）0.37 倍，综合公司目前的基本面和资产质量向好的预期进行考虑，给予2022 年目标PB 0.5 倍，对应目标价10.25 元，维持“增持”评级。   
　　风险提示：信贷疲弱，经济下行超预期，信用风险波动"
浦发银行(600000)：息差边际企稳 资产质量夯实,公司,民生证券股份有限公司,余金鑫/于博文,2022-08-31,"事件：8 月26 日，浦发银行发布22H1 报告，营收986.4 亿元，YoY+1.3%；归母净利润301.7 亿元，YoY+1.1%；不良率1.56%，拨备覆盖率156%。   
    营收、利润实现小幅增长。22H1 公司营收同比增速较Q1 环比+0.3%，规模扩张、净息差企稳为主要动因；归母净利润同比增速环比-2.6pct，或归因于拨备计提力度加大。营收拆解来看，利息净收入同比增长1.5%，受Q2 信贷需求疲软影响，环比-1pct；中收同比微增0.1%，环比-2.4pct，其中银行卡业务同比增长12.2%，受资本市场波动影响，托管、代理等业务收入均出现负增长；其他非息收入受益于投资收益、汇兑损益的增加，同比增速环比+8.8pct。   
    规模稳健扩张，息差边际企稳。22H1 净息差为1.84%，较2021 年小幅上行1BP，净息差边际企稳。资产端，22H1 贷款增速放缓，其中对公继续做大做强，上半年贷款增量1321 亿元，已超过2021 年对公增长总量，支撑生息资产稳步扩张。贷款平均余额占比生息资产比值不断走高，但受贷款重定价影响，生息资产收益率仍环比-4BP。负债端，22H1 活期存款占比下降导致存款付息率环比+5BP，但受益于同业负债成本的压降（环比-23BP）、负债结构不断优化，计息负债成本率较2021 年环比-5BP，对净息差形成呵护。   
    打造“轻型、绿色、全景”三大银行。轻型银行，2022 年浦银理财开业，“大财富一体化”进一步完善，22H1 非保本理财规模半年增量扭负为正，有望成为全新盈利点。绿色银行，做强、做优“浦发绿创”品牌，22H1 公司绿色信贷较年初增长22%，余额居股份行第二位。全景银行，科技赋能用户发展，搭建手机银行、浦惠到家、浦慧云仓等数字平台，不断提升获客、活客能力，22H1 零售手机银行MAU 较年初增长27%。   
    “控新降旧”两手抓，资产质量稳步夯实。22H1 不良率较Q1 环比-2BP，不良余额、不良率连续十个季度实现“双降”，Q2 公司加大拨备计提力度，拨备覆盖率环比+9.6pct，拨贷比环比+16BP。降旧，2016 年以来公司始终保持600 亿元以上核销处置力度，存量包袱加速出清。控新，22H1 对公不良率较2021 年末-26BP，主要得益于制造业不良的有效压降。零售不良率受疫情影响环比+14BP，主要受按揭（+12BP）、经营贷(+30BP)拖累。   
    投资建议：息差边际企稳，资产质量夯实   
    公司持续打造长三角区位优势，规模扩张稳步扩张，资产负债结构持续优化；22H1 承受住疫情冲击，经营绩效实现双增。风险“控新降旧”两手抓，不良处置力度不断加大，不良余额、不良率连续十个季度实现“双降”。预计22-24 年EPS 分别为1.87 元、1.94 元和2.04 元，2022 年8 月30 日收盘价对应0.4 倍22 年PB，首次覆盖，给予“推荐”评级。   
    风险提示：宏观经济增速下行；疫情风险频发；资产质量恶化。"
浦发银行(600000)：资产质量稳健 数字化转型推进,公司,华泰证券股份有限公司,沈娟,2022-08-30,"资产质量稳健，数字化转型推进   
    浦发银行1-6 月归母净利润、营业收入、PPOP 分别同比+1.1%、+1.3%、+0.2%，增速较1-3 月-2.6pct、+0.3pct、+0.4pct，公司息差企稳回升，资产质量稳健，风险抵御能力强化。我们维持22-24 年预测EPS 为1.91/2.02/2.15 元，22 年BVPS 预测值20.48 元，对应PB 0.38 倍。可比公司22 年Wind 一致预测PB 均值0.55 倍，公司数字化转型赋能发展，资产质量持续改善，但考虑到实体需求与行业风险隐忧，我们给予22 年目标PB 0.45 倍，目标价由10.24 元调至9.22 元，维持“增持”评级。   
    资产稳步增长，息差企稳回升   
    6 月末总资产、贷款、存款同比增速分别为+4.7%、+2.8%、+6.4%，较3月末+0.3pct、-0.6pct、-1.9pct。Q2 新增贷款中零售贷款占52%，6 月末存款活期率较3 月末-0.5pct 至46.6%。1-6 月净息差为1.84%，较2021 年+1bp，其中生息资产收益率、贷款收益率分别较2021 年-3bp、-3bp 至4.03%、4.66%；计息负债成本率、存款成本率分别较2021 年-5bp、+5bp至2.24%、2.06%，存款成本由于活期比例下降而有所提升，但同业负债成本优化、负债结构调优带动负债综合成本下降。   
    中收同比微增，数字化转型推进   
    1-6 月中间业务收入同比+0.1%，增速较1-3 月-2.4pct，代理/托管/投行等业务收入受市场影响出现负增长，银行卡业务同比+12%，增长较为稳健。非保本理财余额11797 亿元，较2021 年末+0.8%。1-6 月其他非息收入同比+1.7%，增速较1-3 月+8.8pct，其中投资损益87 亿元，同比上升29%。公司持续推进数字化能力建设，零售手机银行MAU 增至2239 万户，较年初+27%，保持较好增长。6 月末资本充足率、核心一级资本充足率分别为13.84%、9.31%，较3 月末-0.22pct、-0.23pct。   
    不良指标双降，风险抵御能力增强   
    6 月末不良贷款率、拨备覆盖率分别为1.56%、158%，较3 月末-2bp、+12pct，不良余额、比例连续十个季度双降，资产质量稳健。关注率较Q1 下降2bp至2.15%。对公贷款不良率较2021 年末下降26bp 至1.91%，制造业、批零业贷款不良率有效压降；个人贷款不良率较2021 年末上升14bp 至1.42%，其中个人经营贷不良率提升30bp，主要受疫情影响。逾期90 天以上贷款/不良贷款为91%，较2021 年末+1pct。22Q2 年化不良生成率为1.21%，同比-0.90pct，较Q1+0.14pct。Q2 年化信用成本为1.92%，同比+0.01pct，较Q1+0.70pct。   
    风险提示：经济下行持续时间超预期，资产质量恶化超预期。"
浦发银行(600000)：息差平稳 不良双降,公司,广发证券股份有限公司,倪军/屈俊/万思华,2022-08-27,"营收盈利同比保持正增长。公司发布22 年中报，22H1 归母净利润同比增长1.1%（22Q1 同比增长3.7%）。从收入支出主要要素拆解来看：   
    （1）收入端，整体增长缓慢。22H1 营收同比增长1.3%（22Q1 同比增长1.0%），主要是由于二季度上海疫情冲击，叠加公司仍处在调整结构和业务转型阶段，各细项收入均增长偏慢，22H1 利息净收入、中收、其他非息收入同比分别增长1.5%、0.1%、1.7%；（2）支出端，费用支出略有增加，成本收入比同比上升0.7pct；拨备计提拖累加大，22H1 总减值损失同比增加0.8%，其中贷款减值损失同比增加10.4%。   
    息差稳定性较强，下半年有望保持。公司22H1 净息差为1.84%，较21A 提高1bps。与可比同业相比，息差较为稳定，主因是：（1）资产端，上半年加大了同业资产配置，同业资产收益率上行部分抵消了贷款价格和占比下降的影响，资产收益率较21A 小幅下降3bps；（2）负债端，活期存款占比下降，存款成本率较21A 上升5bps，受益于同业负债成本下降较多，整体负债成本率较21A 下降5bps。趋势上看，随着上海疫情冲击消退，下半年信贷投放逐步回归正常化，将对资产收益率形成一定支撑，叠加负债结构向好趋势延续，预计息差有望保持稳定。   
    不良延续环比双降，拨备覆盖率重返150%以上。公司坚持风险“控新降旧”并举，持续加大不良处置力度，压降风险成效明显。22Q2 末，不良贷款额环比下降5.1 亿元，不良贷款率环比下降2bps，已连续10个季度实现不良环比双降；关注类贷款余额和占比环比双降；受疫情影响，上半年逾期贷款余额阶段性上升，22Q2 末逾期贷款占比为2.15%；受益于贷款减值计提力度加大，22Q2 末拨备覆盖率重返150%以上，风险抵补能力增强。   
    盈利预测与投资建议：公司坚持以高质量发展为主线，加强转型、调整结构、压降风险，经营总体稳健。对公业务强化总行引领，推进结构转型和优化，客户经营模式优化成效显著；零售业务着力提升线上化、差异化、生态化服务能力，推动零售总体规模再上台阶；同时，持续加大风险化解处置力度，资产质量保持向好趋势。预计公司22/23 年归母净利润增速分别为0.7%、2.0%，EPS 分别为1.64/1.67 元/股，BVPS分别为20.37/21.79 元/股，当前A 股股价对应22/23 年 PE 分别为4.4X/4.3X，PB 分别为0.35X/0.33X，综合考虑公司近两年PB（LF）估值中枢和基本面情况，给予22 年PB 估值"
浦发银行(600000)：业绩基本符合预期 不良双降趋势延续,公司,广发证券股份有限公司,倪军/屈俊/万思华,2022-08-11,"营收盈利平稳增长，业绩基本符合预期。浦发银行发布2022 年半年度业绩快报，2022H1 营收、归母净利润同比分别增长1.31%、1.13%，增幅较2022Q1 分别+0.34pct、-2.57pct。营收增速环比有所改善但增长仍然乏力，盈利增速放缓，预计主要原因是：二季度上海疫情反复，区域内企业经营、居民收入等方面均受到冲击，政策推动金融机构减费让利，在此背景下，公司的规模扩张、资产端定价、中收增长、资产质量等各方面均受到了一定的影响，预计息差收窄和拨备计提增加是拖累业绩表现的主要因素。   
    二季度贷款投放节奏放缓，结构上预计以对公为主；存款保持较好增长，负债结构更趋优化。2022 年6 月末，总资产同比增长4.71%，延续了2021 年下半年以来的小个位数平稳增长的态势。贷款方面，二季度贷款增加228 亿元（VS：一季度贷款增加695 亿元），投放节奏有所放缓，2022 年6 月末贷款总额同比仅增长了2.81%，较3 月末小幅下降，占总资产比重下降至57.35%。贷款结构方面，预计二季度主要投向为对公，零售贷款投放压力预计仍然较大。从负债端来看，二季度存款增加1534 亿元（VS：一季度贷款增加1281 亿元），2022 年6 月末存款总额同比增长6.31%，占总负债比重提升至接近60%，负债结构呈现向好趋势。   
    不良延续环比双降，资产质量保持向好趋势。公司持续加大存量风险处置力度，不良延续了2020 年以来的环比双降态势。2022 年6 月末，不良贷款额环比减少约5 亿元；不良贷款率1.56%，环比下降2bps。   
    预计二季度信用减值计提力度加大，2022 年6 月末，拨备覆盖率158.49%，环比大幅提高13.69pct。总体来看，公司的资产质量进一步夯实。   
    投资建议：公司坚持以高质量发展为主线，加强转型、调整结构、压降风险，经营总体稳健。对公业务强化总行引领，推进结构转型和优化，客户经营模式优化成效显著；零售业务着力提升线上化、差异化、生态化服务能力，推动零售总体规模再上台阶；同时，持续加大风险化解处置力度，资产质量保持向好趋势。预计公司2022-2023 年归母净利润增速分别为0.7%、2.0%，EPS 分别为1.64/1.67 元/股，BVPS 分别为20.37/21.79 元/股，当前A 股股价对应2022-2023 年 PE 分别为4.3X/4.2X，PB 分别为0.35X/0.33X，综合考虑公司近两年PB 估值中枢和基本面情况，我们给予公司2022 年PB 估值0.40X，对应合理价值为8.15 元/股，维持“买入”评级。   
    风险提示：（1）经济增长超预期下滑；（2）资产质量大幅恶化。"
浦发银行(600000)：业绩增速回正 资产质量改善,公司,中信证券股份有限公司,肖斐斐/彭博,2022-05-06,"浦发银行业绩表现回暖，资产质量持续改善，公司积极发挥区域优势，坚定推动业务转型，经营质效有望逐步提升，维持“增持”评级。   
　　 事项：浦发银行发布2021 年年报及2022 年一季报，2021 年及2022Q1 营业收入同比分别-2.75%/+0.97%，归母净利润同比分别-9.12%/+3.70%；2022Q1不良贷款率较上年末下降0.03pct 至1.58%。   
　　 业绩概况：营收和盈利增速回升。浦发银行2022Q1 营收和归母净利润增速均扭负为正。1）收入端：公司2021 年全年和2022Q1 净利息收入同比-1.89%/+2.46%，非利息收入同比-4.81%/-2.21%，净息收入增速回正、非息收入降幅收窄共同带来营收增速扭负为正。2）支出端：2022Q1 成本收入比同比增加0.80pct 至23.38% （ 2021Q1 和2021 年全年成本收入比分别+3.73pcts/+2.39pcts），相较于2021 年的较高增幅，2022Q1 费用控制相对企稳。3）拨备端：公司2021 年全年和2022Q1 信用减值损失分别同比-1.53%/-3.61%，资产质量持续改善带来信用成本小幅节约。   
　　 利息业务：资产负债扩张稳健，息差表现平稳。1）资产负债稳步扩张：公司2021 年年末资产、负债规模同比分别+2.35%/+2.11%，其中贷款、存款规模同比分别+5.56%/+8.01% ； 2022Q1 末总资产、总负债较上年末分别+3.52%/+2.91%，其中贷款、存款较上年末分别+1.45%/+3.60%，2022Q1 资产负债扩张小幅回暖，贷款增长收敛但是拆放同业资产增长较快保障生息资产稳步扩张。2）息差表现平稳：公司2021 年净息差1.83%，与半年末年化水平小幅下降1bp，我们根据期初期末平均法测算2022Q1 年净息差与2021Q4 基本持平，整体息差表现平稳。   
　　 非息业务：手续费收入增长保持韧性，其他非息收入表现平淡。1）手续费收入增长保持韧性：公司2021 年全年和2022Q1 手续费及佣金净收入分别同比-14.18%/+2.47%，2022Q1 手续费净收入在营收中占比较上年末提升1.39pcts至16.65%，2022Q1 末虽然受资本市场波动影响，零售AUM 规模较上年末小幅减少2.33%，但是整体中收收入增长保持韧性，理财子公司开业运营或有贡献。2）其他非息收入表现平淡：公司2021 年全年和2022Q1 其他非息收入分别同比+8.52%/-7.13%，2022Q1 表现平淡主要是受股债市场波动下公允价值变动损益拖累。   
　　 风险现状：资产质量持续改善，历史包袱逐步出清。1）账面资产质量持续改善：   
　　2022Q1 公司不良贷款率为1.58%，较上年末分别下降0.03pct；不良贷款余额765.11 亿元，较上年末减少3.18 亿元，不良贷款率及不良贷款余额连续九个季度实现双降，资产质量持续改善。2）拨备覆盖率保持稳定：公司2022Q1 拨备覆盖率为146.95%，较上年末上升2.99pcts，拨备小幅增厚保持稳定。3）历史包袱逐步出清：公司2017 年以来持续保持超过500 亿元/年的核销力度，2021年全年核销811.02 亿元，同比+15.79%。据公司披露2021 年全年处置不良资产同比+10%，其中现金清收360 亿元，再创历史新高，历史包袱加速出清。   
　　 风险因素：宏观经济增速超预期下滑；资产质量大幅恶化。   
　　 投资建议：浦发银行业绩表现回暖，资产质量持续改善，公司积极发挥区域优势，坚定推动业务转型，经营质效有望逐步提升。我们调整公司2022 年EPS预测至1.72 元（原预测2.18 元），新增2023 年EPS 预测1.88 元，当前A 股股价对应2022 年0.39xPB，考虑到公司未来资产质量改善带来的信用成本节约，结合可比同业估值区间分布，给予公司未来一年目标估值0.52x PB（2022 年），对应目标价10.60 元，维持“增持”评级。"
浦发银行(600000)：业绩增速回暖 资产质量向好,公司,华泰证券股份有限公司,沈娟,2022-05-03,"业绩增速回暖，资产质量向好   
    浦发银行于4 月27 日发布21 年报及22 年一季度报，22Q1 归母净利润、营收、PPOP 同比+3.7%、+1.0%、-0.2%；21 年分别同比-9.1%、-2.8%、-6.0%，利润增速低于我们预期（-1.4%）。22Q1 业绩增速修复，主要驱动包括资产投放回暖、息差相对平稳、中收增速修复、信用成本降低。21 年拟每股派息0.41 元，现金分红比例25.26%（2020：25.50%），股息率5.24%（截至2022.4.27）。鉴于业绩增速回暖，我们预计22-24 年EPS 为1.91/2.02/2.15 元（前值为1.91/2.01/-元），22 年BVPS 预测值20.48 元，对应PB 0.38 倍。可比公司22 年Wind 一致预测PB 均值0.57 倍，公司数字化转型赋能发展，资产质量持续改善，估值折价空间有望缩小，我们维持22 年目标PB 0.5 倍，目标价由10.39 元调至10.24 元，维持“增持”评级。   
    资产增速回暖，息差稳中略降   
    22Q1 年化ROE、ROA 同比持平、-0.28pct 至0.96%、13.12%。3 月末总资产、贷款、存款同比+4.4%、+3.4%、+8.2%，较21 年末+2.1pct、-2.2pct、持平，资产投放回暖，信贷增速放缓，但通过加大同业、交易性金融资产等投放来支撑资产稳定增长。Q1 新增贷款中全部为对公贷款，发挥长三角主场优势，3 月末长三角贷款同比+4.1%至1.51 万亿元、存款同比+13.7%至1.95 万亿元，余额均继续保持股份行同业第一。21 年净息差较21H1 -1bp至1.83%，生息资产收益率、计息负债成本率均较21H1 -1bp；我们测算Q1 息差较21 年稳中略降，受资产端定价下行拖累，负债端成本持续优化。   
    资产质量向好，信用成本下行   
    3 月末不良率、关注率、拨备覆盖率为1.58%、2.17%、147%，较21 年末-3bp、持平、+3pct，不良余额、比例连续九个季度双降，资产质量持续改善。21 年末对公、零售不良率较21H1 末-7bp、+5bp 至2.17%、1.28%。   
    加速风险出清，全年处置不良资产同比+10%，其中现金清收360 亿元再创新高。21 年末逾期90 天以上不良贷款偏离度较21H1 末+4pct 至90%。Q1年化不良生成率较21Q4 -0.85pct 至1.07%，为2018 年以来低位。Q1 单季信贷成本较21 年-10bp 至1.22%，驱动利润释放。   
    中收增速修复，核充率稳步提升   
    1-3 月中收同比+2.5%，增速较21 年+16.6pct，中收/营收较21 年+1.3pct至16.6%。21 年末非保本理财余额11704 亿元，较21H1 末-5.4%，存量产品稳步整改，符合资管新规的理财产品规模占比88%。其他非息收入同比-7.1%，较21 年-15.7pct。3 月末核充率为9.54%，较21 年末+0.14pct。   
    风险提示：经济下行持续时间超预期，资产质量恶化超预期。"
深度*公司*浦发银行(600000)：业绩恢复增长 存量问题持续出清,公司,中银国际证券股份有限公司,林媛媛/林颖颖,2022-04-30,"季报摘要:浦发银行2022Q1 实现净利润193.88 亿元,同比增长3.7%。    其中,利息净收入同比增长2.5%,手续费净收入同比增长2.5%,其他非息同比下降7.1%,营业收入同比增长1%。总资产较年初增长3.5%,贷款总额增长1.5%,存款总额增长2.9%。年末不良率1.58%,拨备覆盖率146.95%,拨贷比2.32%,核心一级资本充足率9.54%。   
    浦发银行2022 年1 季度业绩恢复增长,存量风险持续出清。公司业绩同比增长3.7%,相比去年显著改善。业绩增长贡献主要来自规模、拨备和税收等,贷款增长或受到疫情、房地产销售等影响有所放缓。存量问题持续出清,去年下半年大幅核销后,今年核销高位略缓,拨备覆盖率保持平稳。    公司估值2022 年PB0.39X,股息率5.13%,随着疫情影响减弱和存量风险出清,投资价值或逐步显现。   
    支撑评级的要点       
    存量持续出清,拨备保持平稳   
    过去几年浦发银行大力处置存量问题,去年下半年力度进一步强化。2017 -2021 年公司核销总额相当于2017 年贷款总额的10%,不良周转较快,2021 年核销/不良106%。去年全年核销811 亿元,去年下半年核销441.8 亿元,同比显著加速。测算今年1 季度核销102 亿,相比去年同期117.9 亿(测算),略有下降仍在高位。去年来看, 不良贷款回收情况或有所改善,2021 年不良贷款回收率10%,高于2020 年3 个百分点。不良率1.58%,较上年下降3bp,关注贷款占比2.17%,较上年持平。    拨备覆盖率146.95%,较去年底上升3 个百分点,拨贷比2.32%,较去年底上升1bp,1 季度资产减值损失同比下降3.5%。   
    估值       
    公司预测2022/2023 年EPS1.83/1.89 元(原预测EPS 2.30/ 2.46 元),目前股价对应2022/2023 年PB 为0.39x/0.35x,维持增持评级。   
    评级面临的主要风险       
    经济下行导致资产质量恶化超预期;监管管控超预期。"
浦发银行(600000)：业绩增速回升 拨备大幅增厚,公司,浙商证券股份有限公司,梁凤洁/邱冠华,2022-04-29,"报告导读   
    业绩增速回升，战略转型推进，不良持续双降。   
    投资要点   
    业绩概览   
    22Q1 浦发银行归母净利润增速为3.7%，增速较2021 年+12.8pc；营收增速为1.0%，增速较2021 年3.7pc；ROE（经年化）为13.1%，同比-0.3pc；ROA（经年化）为0.96%，同比提升2bp。22Q1 末浦发银行不良率为1.58%，较年初下降3bp；拨备覆盖率为147%，较年初增厚3pc。   
    业绩增速回升   
    营收端，22Q1 浦发银行营收同比增1.0%，增速较2021 年提升3.7pc，主要得益于利息净收入和中收增速回升：①22Q1 浦发银行利息净收入同比增2.5%，增速较2021 年提升4.4pc，主要得益于息差拖累消减，单季度息差（期初期末）同比降幅由21Q4 的12bp 收窄至22Q1 的2bp。②22Q1 浦发银行中收同比增2.5%，增速较2021 年提升16.6pc，推测受益于理财净值化转型压力消退和浦银理财开业赋能财富业务发展。利润端，22Q1 浦发银行归母净利润同比增3.7%，增速较2021 年提升12.8pc，主要是资产减值损失对利润的拖累消退，单季资产减值损失增速由21Q4 同比增7.4%到22Q1 同比减3.5%。   
    战略转型推进   
    ①布局新兴资产业务：22Q1 浦发银行绿色信贷较年初增12%，增速较总贷款快10pc；22Q1 新增科技企业客户数占到21 年全年增量的37%，带动新增贷款增量占到21 年增量的47%。②财富管理转型升级，公司致力于打造最智能的财富管理银行：浦发银行加大了信息科技投入，2021 年信息科技投入同比增17%；通过搭建浦惠到家、靠浦薪、云财资等线上平台，提升平台获客、活客、留客效能，22Q1 手机银行月活用户数较年初增长14%。   
    不良持续双降   
    22Q1 末不良额较年初-0.4%，不良率较年初-3bp 至1.58%，延续2020 年以来不良双降的态势。前瞻指标方面，22Q1 末关注率较年初持平于2.17%，21Q4 末逾期率较21Q2 下降9bp，21A 真实不良TTM 生成率较21H1 上升3bp 至1.46%，仍处在2015 年以来较低的水平。拨备小幅增厚，22Q1 末拨备覆盖率较年初增厚3pc 至147%。展望未来，随着存量风险持续出清，资产质量有望继续改善。   
    盈利预测及估值   
    浦发银行业绩增速回升，战略转型推进，不良持续双降。预计2022-2024 年浦发银行归母净利润同比增长5.3%/7.5%/7.8%，对应BPS 20.32/21.75/23.29 元。   
    维持目标价19.15 元，对应2022 年0.94 倍PB。现价对应2022 年PB0.40 倍，现价空间138%。   
    风险提示：宏观经济失速，不良大幅爆发。"
浦发银行(600000)：战略转型持续推进 资产质量修复中,公司,中国国际金融股份有限公司,张帅帅/周基明,2022-04-29,"业绩回顾   
　　1Q22 业绩基本符合我们预期   
　　浦发银行公布2021 及1Q22 业绩，2021 年录得营收1909.8 亿元，归母净利润530.0 亿元，同比分别下降2.8%/9.1%，与业绩快报一致；1Q22 录得营收500.0 亿元，归母净利润193.9 亿元，同比分别增长1.0%/3.7%，基本与我们预期一致。   
　　发展趋势   
　　依托长三角区位优势，积极推进战略转型。公司依托自身区位优势，积极围绕长三角地区金融需求展开服务，截至2022 年一季度末，公司在长三角地区存贷款余额均位居股份制银行首位。公司积极推进“轻型银行”、“绿色银行”、“全景银行”打造，战略转型平稳有序进行。   
　　资产质量指标持续改善，风险抵补能力仍有提升空间。1Q22 公司不良贷款率环比4Q21 下降3bp 至1.58%，关注贷款率环比持平于2.17%，从逾期指标看，2021 年末公司逾期贷款率为2.08%，较上年末下降6bp，资产质量指标组合处于改善过程中。2022 年一季度末公司拨备覆盖率环比上年末提升2.99ppt 至146.95%，拨备水平仍有提升空间。   
　　资产审慎扩张，息差短期承压。（1）资产增速放缓：1Q22 公司总资产环比增长3.5%，其中贷款环比增长1.5%，增速较前期有所放缓。负债端，存款增速与资产增速匹配，一季度环比增长2.9%。（2）息差下行压力仍然存在：2021 年公司净息差同比下降19bp 至1.83%，主要受资产端贷款收益率下降较多影响，而负债端成本相对刚性。我们预计2022 年公司息差仍然会存在一定压力，但监管引导降低存款成本的背景下，负债成本有望下行。   
　　中间业务处于恢复过程，投资业务短期波动。（1）手续费净收入恢复增长：1Q22 公司手续费净收入同比增长2.5%，尽管受区域疫情扰动增速较低，但较2021 年同比下降14.2%的增速水平已有显著回升，我们预计后续中间业务将持续恢复。（2）投资收益有所波动：1Q22 公司投资类业务收入同比下降12.4%，我们推测主要与资本市场波动，部分投资资产公允价值下降有关。   
　　盈利预测与估值   
　　考虑到宏观经济波动影响，我们小幅下调2022E 归母净利润1.3%至521.6亿元，小幅下调2023E 归母净利润1.0%至537.1 亿元，2022/2023 年归母净利润同比分别下降1.6%/增长3.0%，当前股价交易于2022E0.4xPB/4.4xPE，2023E 0.4xPB/4.3xPE。维持目标价于10.26 元不变，对应2022E 0.5xPB/5.8xPE，2023E 0.5xPB/5.6xPE，较当前股价有31.0%的上升空间，维持跑赢行业评级。   
　　风险   
　　战略转型进度不及预期，宏观经济波动导致资产质量超预期恶化。"
浦发银行(600000)：风险化解初见成效 Q1经营效益回正,公司,广发证券股份有限公司,倪军/屈俊/李佳鸣,2022-04-28,"去年Q4 表现低于预期后，22Q1 经营效益回到正增长区间。浦发银行发布21 年报和22 年1 季报：1 季度营收、PPOP、归母净利润同比增速探底回升，分别为+1.0%（vs. 21A：-2.8%）、-0.3%（vs. 21A：-6.0%）、+3.7%（vs. 21A：-9.1%）。单季度来看，21Q3 是业绩低点，21Q3、21Q4、22Q1 单季归母净利润增速为-25.9%、-15.6%、3.7%；Q1 业绩回到正增长主要是拨备释放，息差扩张和季节性成本收入比降低也有贡献。经营上看，我们看到：（1）增长向风险化解让位，生息资产增长3.1%（vs 21Q1:1.2%）、贷款增长1.5%（vs. 21Q1:3.6%）；（2）对公贷款投放加速，对公贷款同比增加2.6%（vs. 21Q1:+5.0%）。（3）轻型银行转型推进，零售贷款同比减少0.3%（vs. 21Q1:+1.4%），但信用卡贷款同比增加1.4%；市场动荡背景下AUM 较年初减少2.3%至3.78 万亿元。   
    息差维持稳定。21Q1-3、21A、22Q1 测算净息差分别为1.73%、1.73%、1.71%，息差总体保持稳定。资产端来看，Q1 收益率环比下行10BP，结构上，贷款和投资类资产在生息资产中所占比重分别减少1.0pcts 和1.2pcts，同业资产占比有所增长（+2.9pcts）；负债端计息负债成本下行8BP，结构上看，存款增长较好（所占比重稳定-0.2pcts），市场化负债占比有所增加，同业负债和发行债券所占比重分别变化-2.7pcts 和+3.1pcts。   
    公司全力以赴化解存量风险，连续九个季度实现不良“双降”。21 年9月末、12 月末、22 年3 月末公司不良贷款率分别为1.62%、1.61%、1.58%，连续九个季度实现“双降”；21Q1-3、21A、22Q1 测算不良净生成率为1.85%、1.77%、0.97%。90 天以上不良偏离度维持稳定，21年末为90%。3 月末关注类贷款率2.17%，与上年末持平。拨备覆盖率升至145%，环比提升4.1pcts。公司正全力以赴化解存量风险，2021年全年处置不良资产同比增 10%，其中现金清收 360 亿元，创历史新高。   
    盈利预测与投资建议：公司积极化解存量风险，表观不良率持续向好；同时，公司将“轻型银行”、“绿色银行”、“全景银行”作为战略转型方向，深耕长三角地区，存贷款市场份额位列区域第一。预计22/23 年归母净利润增速为5.3%/8.0%，EPS 为1.72/1.87 元/股，BVPS 为20.45/22.05 元/股，当前股价对应22/23 年PB 为0.38X/0.36X。考虑到过去3 年估值水平和公司正在化解存量风险，给予公司22 年0.5 倍PB，合理价值10.23 元/股，维持“买入”评级。   
    风险提示：（1）经济增长超预期下滑；（2）资产质量大幅恶化。"
浦发银行(600000)：坚定战略转型 着眼长期发展,公司,中国国际金融股份有限公司,张帅帅/周基明,2022-03-21,"业绩快报披露全年净利润同比下降9.1%，略低于我们的预期。   
    浦发银行业绩快报略低于市场和我们的预期，4Q21 单季净利润同比下降15.6%，单季利润降幅较三季度有所收窄。浦发银行2021 年营收同比下降2.8%，归母净利润同比下降9.1%；4Q21 营收同比下降0.3%，归母净利润同比下降15.6%。公司持续加大存量不良资产处置力度，尽管对短期业绩可能有所影响，但从长远来看，我们认为资产质量的改善有助公司未来稳健经营，存量问题化解后公司经营水平有望得到提升。   
    关注要点   
    资产质量处于改善通道。2021 年公司坚持化解存量不良资产，在风险策略上“控新降旧”，实现不良余额和不良率双降，业绩快报披露2021 年末不良率环比3Q21 下降1bp至1.61%，拨备覆盖率环比3Q21 下降4.7ppt至144.0%。我们推测在保持较大拨备计提力度的同时，公司通过核销方式处置部分存量问题资产，因此短期拨备覆盖率有一定下降。   
    战略方向明确，发展前景可期。在改善资产质量的同时，公司积极推进转型发展，打造“轻型银行”、“绿色银行”、“全景银行”，战略前景明确。   
    轻型银行：公司积极发挥自身在金融市场业务方面的优势，做强投行、财富、理财、托管等业务。年初浦银理财正式开业，我们认为理财子公司有望成为公司财富管理链条内的产品供给中心，提升产品组织端能力。   
    绿色银行：公司聚焦“双碳”目标，坚持发展绿色金融业务。报告期内浦发银行发布“浦发绿创”品牌，聚焦绿色能源、绿色智造等六大领域的场景打造，提升绿色金融战略地位。   
    全景银行：公司积极推进数字化转型，围绕融资、支付、代收代缴等客户金融生态场景，提升科技服务能力。随着金融科技能力提升，在商行、投行、财富、风控等领域的科技赋能有望深化。   
    资产负债增速放缓，盈利能力有所改善。4Q21 公司总资产环比3Q21 增长0.9%，其中贷款环比增长0.2%，负债端存款环比下降2.7%，反映出公司在资产负债扩张上仍面临一定压力，后续应考虑发挥长三角地区优势，实现资产平稳增长。以“营业收入/期初期末平均总资产”衡量公司资产端收益能力，4Q21 单季环比3Q21 提升7bp，盈利能力有所改善。   
    盈利预测与估值   
    维持盈利预测与目标价不变，并首次引入2023 年盈利增速为2.6%。当前股价对应2022/2023 年0.4x/0.4xPB，4.4x/4.3xPE。维持目标价于10.26元，对应2022E 0.5xPB/5.4xPE，较当前价格有29.8%的上涨空间，维持跑赢行业评级。   
    风险   
    宏观经济形势波动导致资产投放压力较大，战略转型推进成效不及预期。"
浦发银行(600000)：不良继续双降 业务转型推进,公司,浙商证券股份有限公司,梁凤洁/邱冠华,2022-03-20,"报告导读   
    不良继续双降，期待业务转型成效。   
    投资要点   
    数据概览   
    浦发银行2021 年业绩快报：归母净利润同比-9.1%，增速环比-2.0pc；营收同比-2.8%，增速环比+0.8pc；ROE 8.8%，同比-2.1pc；不良余额环比-0.6%，不良率1.61%，环比-1bp，拨备覆盖率144%，环比-4.7pc。   
    业绩增速磨底   
    浦发银行2021 年归母净利润同比-9.1%，增速环比-2pc，营收同比-2.8%，增速环比+0.8pc，判断主要受减值拖累。展望未来，浦发银行风险出清后，战略转型有望带动业绩增速修复，密切关注业务转型成效。   
    不良继续双降   
    浦发银行不良贷款连续8 个季度双降，21Q4 不良余额环比-0.6%，不良率环比-1bp，不良率来到近5 年最优水平。拨备小幅下降，浦发银行21Q4 末拨备覆盖率环比-5pc 至144%。展望未来，风险出清下，浦发银行实际资产质量不断夯实，有望为未来盈利增速的修复打好基础。   
    业务转型推进   
    浦发银行持续推进业务转型，成效逐渐显现。①资产负债结构改善，存贷款占比提升，2021 年末浦发银行贷款总额同比+5.6%，增速较总资产增速快3.2pc，浦发银行存款总额同比增8.0%，增速较总负债快5.9pc。②财富管理持续推进，截至2021Q3 末，浦发银行零售AUM 达3.6 万亿，较年初实现15%的较快增长。2022 年1 月，浦银理财获银保监批准开业，理财业务轻装上阵，赋能银行财富管理发展，有望贡献新的盈利点。③绿色业务快速发展，浦发银行21Q3 末绿色信贷规模为3064 亿元，较年初增长16.5%，绿色信贷余额在股份行中靠前，同时浦发银行承销绿色债券规模实现数倍增长。   
    盈利预测及估值   
    不良继续双降，业务转型推进。预计2022-2023 年浦发银行归母净利润同比增长1.7%/8.5%，对应BPS 20.48/21.93 元。维持目标价19.15 元，对应2022 年0.93 倍PB。现价对应2022 年PB 0.39 倍，买入评级。   
    风险提示：宏观经济失速，不良大幅爆发。"
浦发银行(600000)：浦银理财正式开业 打开多元创收空间,公司,中国国际金融股份有限公司,张帅帅/王子瑜/周基明,2022-01-10,"事件   
　　1 月8 日，浦发银行发布公告称，其全资子公司浦银理财（注册资本50 亿元）获得中国银保监会批准开业，成为第8 家正式开业的股份制商业银行理财子公司。   
　　评论   
　　资管新规过渡期顺利转型，理财业务增长压力得到释放。历经一年半的筹建期，浦发银行理财子公司正式开业，意味着公司在资管新规最后的过渡期净值化转型有序推进、存量业务风险有序出清，我们预计理财业务增长压力将得到释放。截至3Q21 末，公司非保本理财规模共计1.11 万亿元，位列全国第9，在股份制商业银行中仅次于招商银行、兴业银行、中信银行位列第4。向前看，我们预计在规范化发展的背景下，理财规模增速将实现V型反转，同时“轻型银行”的战略模式亦为理财业务带来广阔的增长机遇。   
　　金融市场业务为浦银理财发展带来经验借鉴。浦发银行金融机构客户经营能力领先、金融市场经营成果显著，1H21 公司金融市场业务营业净收入共计186.9 亿元，占全行营收的19.2%；2020 年，浦发银行债券投资收益率录得3.69%、领先可比同业，同时近8 年保持较高收益水平；此外，公司2020 年投资收益共计189.8 亿元、占营收比重录得9.7%，位列可比同业前列，其中交易性金融资产收益率录得2.91%。公司以一级交易商的身份积极参与资产交易，并在证券市场、期货市场聚焦创新业务发展；同时，公司FICC业务保持市场领先地位，拥有较强的交易风险管理、市场趋势判断能力，截至1H21 末“浦银避险”产品为近1.8 万户实体企业输出专业高效的避险策略。我们认为，发达的金融市场业务为理财子公司的交易、投研提供了宝贵的经验借鉴，有助于能力建设的拓展。   
　　预计浦银理财将成为产品供给中心与营收利润贡献中心。公司公告称，浦银理财将定位为全能型资管机构，通过建立更丰富产品谱系以满足财富管理客群多层次的投资需求。目前浦发银行“天添”“专鑫”“多元”三大系列，覆盖了现金管理类、单一资产配置及多资产配置三大领域；同时公司大力发展含权混合类产品，截至2020 年末，含权混合类产品规模超670 亿元，占当期理财规模的5.4%。我们预计，多元化产品谱系将帮助构建差异化产品竞争力，公司将通过行内销售与他行代销有效触达更广泛的活跃投资客群，实现理财业务收入的快速增长。2020 年，公司理财业务实现中间业务收入86 亿元，占营业收入的比重为4.4%，已位列上市银行第一梯队。   
　　风险   
　　浦银理财投研能力建设不及预期。"
浦发银行(600000)：财富战略落下重要一子,公司,浙商证券股份有限公司,梁凤洁/邱冠华,2022-01-08,"报告导读   
　　财富战略落下重要一子，有望支撑经营表现。   
　　投资要点   
　　事件概览   
　　2022 年1 月7 日，浦发银行公告，浦银理财获银保监会批准开业。   
　　财富落下重要一子   
　　浦发银行理财子的获准开业，显示浦发银行理财转型成效获监管认可，也标志着浦发银行在财富管理落下重要一子，理财业务轻装上阵，有望贡献新盈利点。   
　　有望支撑经营表现   
　　理财子获准开业标志着表外理财整改压力消退，有望带动理财规模实现较快增长，支撑经营表现。静态测算，如21H1 末浦发银行“表外理财规模/总资产”   
　　达到招行水平，费率与20A 末持平，则有望提升21H1 ROA 4bp。   
　　高性价比银行标的   
　　截止2022 年1 月7 日收盘，浦发银行2022 年PB 估值仅0.42x，回落至近5 年4%的极低百分位水平，估值性价比凸显。   
　　盈利预测及估值   
　　理财牌照落地，财富战略落下重要一子。预计2021-2023 年归母净利润同比增长-4.82%/10.26%/10.62%，对应BPS 19.27/20.80/22.49 元股。现价对应PB 估值0.45 /0.42/0.39 倍。维持目标价19.15 元（分红调整后），对应2022 年PB 0.92x，现价对应2022 年PB 0.42x，现价空间120%。   
　　风险提示：宏观经济失速，不良大幅暴露。"
浦发银行(600000)：风险继续出清 业务转型推进,公司,浙商证券股份有限公司,梁凤洁/邱冠华,2021-11-05,"报告导读   
　　风险继续出清，期待业务转型成效。   
　　投资要点   
　　数据概览   
　　21Q1-3 浦发银行归母净利润同比-7.2%，增速环比-10.2pc；营收同比-3.5%，增速环比+0.5pc；ROE 9.7%，ROA 0.70%；不良率1.62%，环比-2bp，拨备覆盖率146%，环比-5.6pc。   
　　核心观点   
　　1、盈利增速下行。21Q1-3 净利润同比-7%，增速环比-10pc，归因减值拖累加大。21Q1-3 减值损失同比-4.1%，增速环比+11.4pc，归因风险出清力度加大。   
　　展望未来，浦发银行风险出清后，战略转型有望带动盈利增速修复，密切关注。   
　　2、风险继续出清。21Q3 浦发银行不良贷款连续7 个季度双降，关注贷款同样实现双降，风险持续出清。不良余额环比-0.6%，不良率环比-2bp；关注余额环比-4.6%，关注率环比-12bp，不良率、关注率均来到近5 年最优水平。拨备厚度小幅下降，拨备覆盖率环比-6pc 至146%。展望未来，风险出清下，实际资产质量不断夯实，有望为未来盈利增速的修复打好基础。   
　　3、转型持续推进。浦发银行转型持续推进，成效逐渐显现。①客户基础向好。   
　　活期存款占比上升。21Q3 浦发银行存款环比+1.3%，增速较总负债快2pc，存款占比提升。存款中，活期存款环比+2.6%，活期占比提升。②财富管理推进。   
　　零售AUM 达3.6 万亿，较年初实现15%的较快增长。③绿色战略升级。2021年11 月3 日，浦发银行举办绿色金融发布会，推出一系列覆盖对公、零售、金市等业务线的绿色金融产品，绿色战略目标、经营体系进一步完善。   
　　盈利预测及估值   
　　风险继续出清，期待业务转型成效。预计2021-2023 年归母净利润同比增长-4.82%/10.26%/10.62%，对应BPS 19.27/20.80/22.49 元股。现价对应PB 估值0.44/0.41/0.38 倍。维持目标价19.15 元（分红调整后），对应2021 年PB 1.0x，现价对应2021 年PB 0.44x，现价空间125%。   
　　风险提示：宏观经济失速，不良大幅爆发。"
浦发银行(600000)：股息率优势突出 做实资产质量,公司,华泰证券股份有限公司,沈娟,2021-11-04,"股息率优势突出，做实资产质量   
　　11 月1-2 日浦发银行下跌4.5%（同期银行指数下跌1.9%），我们认为一方面由于前三季度利润增速下行（前三季度归母净利润同比-7.2%，增速较上半年-10.2pct），营业收入同比负增长；另一方面由于对房地产风险的担忧，导致银行板块整体下跌。鉴于信用减值损失同比增速提升，我们预计21-23年EPS1.89/1.91/2.02 元（前值为2.05/2.17/2.29 元），22 年BVPS 预测值20.77 元，对应PB0.41 倍，22 年股息率预测值达到5.4%，股息率优势突出。可比公司22 年Wind 一致预测PB 均值0.61 倍，公司数字化转型赋能长期发展，资产质量有望持续改善，估值折价空间有望缩小，我们给予22年目标PB 0.5 倍，目标价由11.68 元下调至10.39 元，维持“增持”评级。   
　　贷款结构优化，息差企稳   
　　资产增速随行业趋势放缓，贷款占比及个人贷款占比提升，存款增长较为亮眼。9 月末总资产、贷款、存款增速分别为+5.1%、+11.3%、+10.9%，较6 月末-2.9pct、-2.1pct、+4.2pct。资产投放增速放缓，但内部结构优化，零售贷款占比较6 月末+0.3pct 至38.9%，预计主要由信用卡贷款驱动。我们测算前三季度净息差较上半年微升1bp，主要受资产端收益率上行驱动，与结构优化有关。负债端成本率较上半年+1bp，预计与存款竞争激烈导致的价格上行有关。存款结构则有一定优化，活期存款率较6 月末上升0.6pct。   
　　其他非息收入增速提升，第二档系统重要性银行中间业务收入在理财净值化转型压力下增速下行，债权投资业务则在低基数效应下增速提升。1-9 月非息收入同比-7.5%，较1-6 月-2.4pct，主要由于中间收入增速下行。1-9 月中间业务收入同比-19.7%，增速较1-6 月-9.7pct，推断主要受资管新规、减费让利影响。其他非息收入则在低基数效应下同比+11.5%，较1-6 月+10.9pct。9 月末资本充足率、核心一级资本充足率分别为14.05%、9.35%，较6 月末-0.23pct、-0.07pct。浦发银行为第二档系统重要性银行，目前核心一级资本充足率监管要求为8%（其中附加资本要求为0.5%），后续资本有待补充。   
　　资产质量持续改善，关注后续地产开发贷风险   
　　加大不良贷款处置力度，以改善资产质量。9 月末不良贷款率、拨备覆盖率分别为1.62%、149%，较6 月末-2bp、-3pct。不良率下降主要由于加大处置力度。Q3 年化不良生成率为2.0%，处较高水平，推断主要由于地产开发贷不良率上升，后续风险仍需关注。Q3 年化信用成本为1.79%，同比+18bp，为利润增速下行的主要原因。   
　　风险提示：经济下行持续时间超预期，资产质量恶化超预期。"
浦发银行(600000)：前三季度业绩小幅下滑 风险继续压降,公司,广发证券股份有限公司,倪军/屈俊/万思华,2021-11-03,"前三季度营收、PPOP 同比下降但降幅较上半年小幅收窄。公司发布21 年三季报：前三季度营收、PPOP、归母净利润同比分别增长-3.5%、-6.0%、-7.2%，增幅较上半年分别提高0.5pct、1.4pct、-10.2pct。营收同比下降但降幅较上半年小幅收窄，结构上来看，前三季度利息净收入、手续费净收入、其他非息收入同比分别增长-1.8%、-20.0%、12.0%，仅手续费净收入降幅较上半年扩大。其中利息净收入同比负增长主因是息差同比下降较多；手续费净收入同比下滑，延续颓势，一方面是预计由于银行卡业务、托管及其他受托业务收入下降，另一方面是手续费及佣金支出有所增加。营收同比负增长，叠加拨备支出力度加大和成本收入比同比上升的影响，导致利润同比下滑，表现不佳。   
　　前三季度资产收益较上半年小幅上行，存款优势显现缓解负债成本上行压力，息差较上半年微升。据我们测算，公司21 年前三季度年化净息差为1.86%，同比下降22bps，主因是资产收益率同比降幅较大；较21 年上半年回升1bps，主要是资产收益率较上半年回升驱动。具体来看：（1）资产端，自19 年管理层提出“对公业务要重回股份行贷款市场占比第一、增量第一”的目标以来，信贷资源持续向对公客户倾斜，同时客户生态也在重塑，贷款占资产提高叠加贷款结构向对公低风险领域倾斜，是资产收益率同比走低的主因；不过，Q3 贷款结构有所调整，Q3 单季度零售贷款配置增加同时压缩了对公一般贷款，预计受益于此，资产收益率较上半年回升。（2）负债端，客户生态重塑的效益加快释放，对公结算银行、零售财富管理银行发力带来低成本存款沉淀，21Q3 末存款较年初增长9.6%，处于可比同业前列，对公活期存款、零售活期存款较年初分别增长11.0%、9.5%，支撑负债成本率稳中趋降。   
　　存量风险加速出清，资产质量进一步夯实。公司持续加大风险处置力度，前三季度不良核销转出率达109%，Q3 末不良贷款额和占比、关注贷款额和占比均较Q2 末下降。此外，拨备覆盖率148.62%，相对平稳。   
　　总体来看，公司风险管控继续加强。   
　　盈利预测与投资建议：公司持续推动“保收入、增存款、稳投放、控风险、探新路”，高质量发展更进一步。资产收益率企稳回升，降负债成本成效凸显；风险持续压降。预计公司21/22 年归母净利润增速分别为1.5%、8.2%，EPS 分别为1.91/2.08 元/股，当前A 股股价对应21/22年 PE 分别为4.5X/4.1X，PB 分别为0.44X/0.40X，综合考虑公司近两年PB 估值中枢和基本面情况，我们给予公司21 年PB 估值0. 5X，对应合理价值为9.72 元/股，维持“买入”评级。   
　　风险提示：（1）经济增长超预期下滑；（2）资产质量大幅恶化。"
浦发银行(600000)：内部结构优化 存量风险去化,公司,中国国际金融股份有限公司,张帅帅/周基明/严佳卉,2021-11-01,"3Q21 业绩低于我们预期   
    浦发银行公布3Q21 业绩，1-3Q21 公司营业收入/归母净利润同比分别下降3.5%/下降7.2%，3Q21 公司营业收入/归母净利润同比分别下降2.5%/下降25.9%，业绩低于我们预期，主要原因是息差承压及中收表现偏弱。   
    发展趋势   
    我们认为公司目前处于内部结构优化期，对存量业务及资产结构的优化有助长期发展。公司自年初以来采取审慎的资产扩张策略，将工作重心放在存量业务及资产结构的优化上，主要体现在：1）深挖区域及产业结构性机会：公司积极助力长三角产业转型升级，对公信贷投放上向国家政策支持的新兴产业，以及普惠小微、科技创新、绿色金融等领域倾斜。2）巩固托管业务优势：公司依托资产托管品牌，构建高质量可持续的托管业务发展模式，3Q21 资产托管规模达到14.18 亿元，较上半年末提升0.09 万亿元，1-3Q21 实现托管费收入23.71 亿元（1H21 为16.71 亿元。3）数字化转型持续深化：公司“全景银行”建设进入新阶段，2C 端围绕与民生相关的热点场景拓展客户，新增连接达标客户数超过1.7 万户；2B 端赋能企业业务架构转型，促进组织效率提升；2F 端强化行业数据分析，支撑金融机构客户智能化运营。   
    利息及非息业务表现偏弱。1）息差拖累利息业务表现：1-3Q21 公司净利息收入同比下降1.8%，贷款总额保持积极增长的情况下（同比+11.3%），息差拖累较为明显。2）中收仍待恢复，托管业务表现良好。1-3Q21 公司实现净手续费收入223.2 亿元，同比下降19.7%（1H21 同比下降10.0%），主要受基数上升影响。   
    账面指标改善，存量风险去化。1）账面资产质量改善：3Q21 公司不良率环比2Q21 下降0.02ppt 至1.62%，关注贷款率环比2Q21 下降0.12ppt 至2.14%，账面资产质量向好。2）存量风险持续出清：公司保持积极的拨备计提节奏，同时维持较大的贷款核销力度，存量风险处于去化过程中。3）拨备水平持稳：3Q21 公司拨备覆盖率环比2Q21 下降0.1ppt 至148.6%，风险抵补能力整体稳定。   
    盈利预测与估值   
    考虑到公司业务结构优化效果仍待观察，我们下调2021 和2022 年归母净利润14.4%和18.0%至551.4 亿元和581.6 亿元，当前股价对应2021 /2022 年4.8x/4.5xP/E，0.5x/0.4xP/B。维持跑赢行业评级，综合考虑公司发展预期及目前较低的估值水平，我们小幅下调目标价2.2%至9.61 元，对应0.5x/0.5x 2021E/2022E P/B，较当前股价有7.5%的上行空间。   
    风险   
    结构优化成效不及预期，资产质量修复不及预期。"
浦发银行(600000)2021年中报点评：业务继续夯实 风险逐渐出清,公司,兴业证券股份有限公司,傅慧芳/陈绍兴/曹欣童,2021-09-11,"浦发银行8 月27 日晚公布2021 年中期报告。上半年公司实现营收974 亿元，同比增长-4.0%，归母净利润298 亿元，同比增长3%。   
　　21Q2 营收增速回正，但减值计提仍处高位，最终录得上半年累计3%的利润增速。公司2 季度经营有所改善，无论是总营收（yoy -4%）/利息净收入(yoy -3.5%)/手续费收入增速(yoy -10%)较一季度均有边际提升。从利润的驱动因素看，日均生息资产规模增长了10.9%，以及信用成本节约55bps 至1.63%。但2021 上半年NIM 下行了27bps，同时成本收入比+2.6cpts 至23.9%，对利润形成拖累。不过展望下半年，公司投资收益高基数即将过去，而不良生成率的改善也有助于公司信用成本的持续节约。   
　　资产中速扩张，投资压缩、同业增长，息差环比小幅收窄。公司21H1 同比增速从一季度的10.5%回落至8.0%，其中贷款同比增长13.8%维持较高水平，交运、公共事业、租赁商业等增长较多，零售信用卡余额继续压降，消费贷款上半年负增长16.6%，住房按揭平稳增长。存款上半年增长积极，量价控制优秀。存款较年初增长8.2%，零售略快于对公但整体较为平衡，存款在总负债中的占比升至4 个季度以来的高点60.7%。息差同比-27bps，资产端拖累较多，负债端小幅对冲。中收受卡及托管业务拖累，仍维持少增状态。其中卡手续费收入同比-14.6%，托管业务-12.7%是主要的拖累因素，但代理业务在去年高基数上实现了正增长。   
　　不良、关注持续改善，拨备小幅消耗，不良生成下行。21Q2 关注率环比-26bps 至2.26%，不良率环比-2bps 至1.64%，逾期90 天/不良86%基本持平去年底。我们测算的单季度不良净生成率为0.38%，TTM 不良生成率从上季度的1.48%回落至1.4%，资产质量改善。公司期末拨备覆盖率151%，拨贷比2.48%，较上个季度小幅下行，主要是计提有所节约而核销与生成速度基本相当所致。公司未来仍面临垒高自身拨备安全垫的过程。   
　　资本方面，期末资本充足率和核心一级资本充足率14.28%和9.42%，总体资本水平适中，但D-SIBs 监管提高大银行资本底线的背景下，需持续观察资本和资产增长平衡性问题。   
　　盈利预测与投资建议：我们小幅调整公司盈利预测，预计2021、2022 年EPS 分别为2.04 元和2.20 元，预计2021 年底每股净资产为19.44 元，以2021-8-27 收盘价计算，对应2021 年底PB 为0.47 倍。历史上看，对公业务是浦发银行的传统优势，下半年公司提出了“保收入、增存款、稳投放、控风险、探新路”的经营思路，预计存量风险将逐步消化。关注公司新发展战略阶段，深耕长三角地区优势区域的能力。公司目前PB 估值已处于历史最低水平，较为充分反映了市场对于公司资产质量及盈利预期。维持对公司的审慎增持评级。   
　　风险提示：资产质量超预期波动，规模扩张速度放缓"
深度*公司*浦发银行(600000)：2季度营收同比正增 拨备水平存提升空间,公司,中银国际证券股份有限公司,林媛媛/林颖颖,2021-09-10,"受基数影响，浦发银行上半年营收降幅收窄，拨备计提力度减轻对业绩带来正向贡献。公司保持较大不良处置力度，不良率延续下行趋势，拨备覆盖率水平仍存在提升空间。维持增持评级。   
　　支撑评级的要点   
　　2 季度营收同比正增长，拨备计提减轻对业绩带来正向贡献受去年2 季度低基数影响，浦发银行上半年营收同比降幅（-3.99%）较1 季度（-10.7%）收窄，2 季度单季营收同比4.0%。公司上半年拨备前利润同比增速（-7.4%）低于营收增速，主因公司成本收入比的同比提升。公司2 季度拨备计提力度低于2020 年同期，信贷成本同比下行15BP 至1.90%，对业绩带来正向贡献，上半年净利润同比增3.05%，但增速低于1 季度（+7.70%，YoY）。   
　　2 季度存款表现改善，上半年息差收窄压力边际缓解2 季度存款表现改善，环比1 季度增5.2%，企业/个人存款分别环比增6.7%/0.5%，活期存款环比增7.5%，定期存款环比压降1.5%。在贷款环比增1.1%的情况下，我们认为公司2 季度公司存款的改善或与公司加强代发业务、基础结算性存款留存相关。公司上半年负债成本率（2.30%）较2020 年（2.33%）改善，较但资产端收益率（4.07%，2021H）下行更为显著，使得上半年息差（1.84%）仍处于收窄通道。从息差走势来看，上半年息差降幅较2020 年下半年趋敛。2020 年上半年、2020 年净息差分别为2.11%、2.02%。   
　　不良率下行，拨备水平存提升空间   
　　在保持较大核销处置力度背景下，浦发银行不良贷款率延续下行趋势，2 季末环比1 季度下行2BP 至1.64%；2 季末关注类贷款占比环比下降26BP 至2.26%。根据我们测算，公司2 季度年化不良生成率同比基本持平为2.14%，环比1 季度有所提升，或受不良确认节奏影响。2 季度拨贷比环比下降8BP至2.48%，拨备覆盖率环比下降3 个百分点至151%，拨备水平仍存提升空间。   
　　估值   
　　我们维持浦发银行2021/2022 年EPS 为2.13/2.30 元/股的预测，目前股价对应2021/2022 年PB 为0.47x/0.43x。维持增持评级。   
　　评级面临的主要风险   
　　经济下行导致资产质量恶化超预期；监管管控超预期。"
浦发银行(600000)：“十四五”战略规划彰显浦发做优做强决心,公司,中信建投证券股份有限公司,马鲲鹏/杨荣/李晨/陈翔,2021-09-09,"事件   
    9 月9 日，浦发银行在上海举办沟通会，由董事长郑杨和行长潘卫东介绍和解读浦发银行“十四五”总体战略规划。   
    简评   
    1、 战略目标突出“全面建设”，新五年战略规划彰显决心。   
    浦发银行“十四五”时期的战略目标是“全面建设具有国际竞争力的一流股份制商业银行，推动全行成为新时代金融业高质量发展的排头兵和先行者”。与去年提出的新三年行动计划的战略目标相比，“十四五”战略目标新增“全面”二字，即浦发银行在达到战略目标的行径上统筹全局，具体要在七大方面上实现“全面一流”，包括服务实体经济、高质量发展、改革创新、金融服务体系、数字化水平、治理效能、企业文化和品牌建设，比此前的战略目标更加具体和更有方向性。   
    浦发银行提出的具体目标包括：1）规划期末，总资产规模增速高于“十四五”期间的GDP 增长预测；2）ROA、ROE 保持较高的回报水平；3）不良贷款率优于股份制银行平均水平；4）专门制定创新规划目标：力争规划期末，科技投入占营收比重达到3.5%、有效科技发明专利数达到239 件、云服务种类200 项、数据容量50PB、数字化劳动力4300 人年、数据价值增量100 亿元等，将金融科技放到重要位置。   
    从实施路径来看，具体通过“3+1+3”战略部署，即“3”轻型化、“双碳”、数字化三大转型，“1”打响“长三角自己的银行”   
    品牌优势，以及“3”构筑风险合规、创新服务、场景运营三大保障体系。在推动轻型化转型方面，浦发银行将聚焦1）做强投行，发挥集团多牌照的综合经营优势，打造“股债贷、境内外、投商行”的一体化金融联动发展模式；2）做精财富管理，做优理财业务以及数字化赋能零售业务加快轻型化转型；3）做细消费金融，持续迭代消金产品升级；4）做大托管业务，保持全行业第一梯队；以及5）做深浦银避险，打造差异化、特色化的浦银避险市场品牌。   
    此次新五年战略着重提到机制改革，明确各项战略任务的牵头责任部门，保障规划全面落地，郑董“不达目标不罢休”的结语，彰显浦发银行要达成“十四五”战略规划目标的决心。   
    2、 优势发力短板改善，相信浦发银行将越走越好。   
    管理层抓住浦发银行的优势及机遇制定了新五年战略规划，而展望全年，我们认为浦发银行将在以下方面持续发展改善：   
    营收降幅明显缩窄，主要拖累项向好。上半年浦发银行营收同比下降4.0%，归母净利润同比增长3.0%，虽然上半年营收同比仍为负增长，但是已较1Q21 降幅大幅收窄（1Q21：-10.6%）。上半年浦发银行的ROE 为10.9%，同比下降0.3pct。从盈利驱动分析来看，上半年主要对净利润正向贡献的因子包括规模增长（10.9%）、拨备计提（10.9%），主要的负向拖累因子包括净息差（-13.3%）、中收（-1.7%）及成本收入比（-3.4%）。   
    净息差趋势向好，预计上半年为净息差低点。从最大的负向因子净息差来看，上半年浦发的净息差为1.83%，同比下降27bps，在所有上市股份行中降幅最大。其中公司/零售贷款收益率同比下降42ps/60bps，而存款成本率同比下降8bps，主要是贷款端定价下行导致净息差大幅下行。但是从趋势上来看，浦发2Q21 单季度净息差（测算值）季度环比持平，在所有上市股份行中表现最优，同业均季度环比有所下降。我们认为净息差作为最大的拖累项，趋势向好，负债端存款成本改善，伴随下半年贷款投放结构调整，浦发全年净息差将逐步企稳。   
    资产质量持续改善，不良已实现6 个季度持续双降。2Q21 不良率较4Q19 高点大幅下降40bps 至1.64%，达到2016 年以来最优水平。前瞻性指标关注率及逾期率同样持续改善，2Q21 关注率及逾期率分别较去年同期高点下降54bps、36bps 至2.26%、2.17%。目前上市股份行的不良率均值为1.42%，我们认为随着浦发不断加大出清不良资产以及严控新增不良下，不良率将继续改善，新五年规划目标的不良率优于股份行平均水平可期，而资产质量改善将成为浦发净利润增长的保障。   
    长三角区域、综合牌照经营、数字化优势三驾齐驱。浦发银行总部位于上海，立足成为长三角自己的银行，浦发在长三角区域主场优势明显，长三角区域（含总行）营收占比超过60%，2Q21 浦发长三角区域存、贷款余额均为股份行首位。同时浦发手持基金、金租、信托、境外证券、民营银行等多个非银金融牌照，浦银理财也已获批筹建，三大主营业务公司、零售及金市均衡发展，2020 年营业净收入占比分别为35.2%、41.6%及23.2%，也是浦发区别于其他同业突出“全面建设”的竞争优势。数字化方面，2020 年浦发银行金融科技投入占营收的2.91%，较去年提升75bps，离新五年规划目标的3.5%不断迈进，浦发是首家提出全景银行的金融机构，新五年更是特别设立创新规划以及具体定量目标，将金融科技放到战略发展的重要地位。   
    3、 盈利预测与投资建议   
    浦发银行召开的这次“十四五”总体战略规划沟通会，是向市场表达浦发银行新五年要坚定达成目标的决心，我们相信在“3+1+3”的战略部署以及配套的内部机制保障下，浦发银行将带来全新一面，实现“全面建设具有国际竞争力的一流股份制商业银行，推动全行成为新时代金融业高质量发展的排头兵和先行者”的战略目标。我们预计，浦发2021/2022 年营业收入同比增长5.6%/13.3%，归母净利润同比增长5.2%/10.4%，当前股价对应0.46 倍21 年PB，维持买入评级。   
    4、 风险提示   
    公司主要面临以下风险：1）宏观经济大幅下滑，引发银行不良风险；2）全球疫情出现超预期反弹，国内外政策发生变化；3）中国无风险利率中枢大幅上移；4）战略目标实施进度不及预期。"
浦发银行(600000)：二季度营收同比转正 资产质量向好,公司,天风证券股份有限公司,郭其伟/范清林,2021-09-08,"二季度营收同比增速转正，业绩释放降速   
　　上半年营收同比下滑3.99%，其中二季度同比增长4.04%，增速转正。主要系净利息收入同比增速转正，以及交易性金融资产及贵金属公允价值变动正向贡献大幅提升。上半年归母净利润同比增长3.05%，增速较一季度降低4.65pct，主要系二季度减值损失同比计提幅度提升。   
　　公司持续提升中收业务经营能力，上半年财富管理收入达35.74 亿元。管理零售AUM 达3.51 万亿元，同比增长58.58%。   
　　净息差下行，信贷投放维持较高增速   
　　上半年净息差为1.84%，较去年全年下滑18bp。主要系资产端定价走弱，收益率较去年全年下滑23bp，其中贷款下滑33bp。公司继续深化业务结构转型，加大支持实体经济力度。资产投放增长较快，上半年贷款平均余额同比12.21%，贷款占生息资产平均余额比例较去年全年提升0.8pct 至62.75%。贷款平均余额中，对公贷款占比提升0.14pct 至51.35%。   
　　从信贷投放结构来看，对公方面持续加大制造业支持力度。上半年新增对公贷款中24.77%投向制造业，制造业贷款余额中，中长期贷款占比较上年末提升2.87pct。零售方面经营贷余额较上年末提升11.80%，占零售贷款比提升1.70pct 至19.87%，个人住房贷款占比提升1.53pct 至48.91%。   
　　公司持续优化负债结构，上半年客户存款平均余额中活期占比43.53%，较去年全年提升2.49pct。结构优化带动成本下滑，存款平均成本率下滑12bp。   
　　资产质量持续改善，短期资本压力不大   
　　二季末不良率和关注类贷款占比环比下降2bp 和26bp 至1.64%、2.26%，均延续下滑态势，资产质量持续改善。零售贷款不良率下滑较为明显，其中信用卡不良率较上年末下滑56bp，个人经营贷款不良态势改善。拨备覆盖率151.26%，环比下滑3.02pct。   
　　二季末总资产同比增速较一季度下滑2.49pct，其中贷款增速下滑1.81pct，但仍维持在13.45%的较高增速。信贷投放对资本造成一定消耗，二季末公司核心一级资本充足率环比下滑9bp 至9.42%。此外公司尚有500 亿可转债未转股，短期资本压力不大。   
　　投资建议：夯实长三角区域发展优势，维持“增持”评级公司充分发挥立足上海的优势，持续夯实长三角区域发展基础。创新推出特色金融服务，发挥强获客能力优势。长三角地区客户积累较好，企业客户达38.5 万户、零售客户超 5508.25 万户。我们预测2021-2023 年业绩增速为7.68%、8.33%和7.57%，给予其2021 年0.6 倍PB 目标估值，对应目标价11.06 元，维持“增持”评级。   
　　风险提示：经济恢复疲弱，信贷需求不足，信用风险波动"
浦发银行(600000)2021年中报点评：不良连续双降 营收动能修复,公司,浙商证券股份有限公司,梁凤洁/邱冠华,2021-09-02,"投资要点   
　　数据概览   
　　21H1满发银行归母净利润同比+3.0%，增速环比-4.6pc；营收同比-4.0%，增速环比+6.7pc；ROE10.7%，同比-0.3pc，ROA0.76%，同比-4bp；不良率1.64%，环比-3bp，关注率2.26%，环比-26bp；拨备覆盖率151%，环比-3pe。   
　　营收动能修复   
　　①营收方面，2lH1营收同比-4%，增速环比+7pC，营收动能修复，归因息差拖累改善和非息收入增逸回升。21Q2净息差（期初期末）l.72%，环比基本持平；21H1非息同比-5.2%，增速环比+10pc.②利润方面，净利润同比+3%，增速环比-5pc，归因减值对盈利贡献收窄。21H1资产减值损失同比-16%（2101同比-35%）。展望未来，随着浦发银行经营调整逐步到位，盈利增速有望边际企稳。   
　　口息差环比企稳   
　　2102浦发银行净息差（期初期末）环比基本持平于1.72%，息差企稳背后，体现客户经营卓有成效。①资产端，收益率企稳上行。2102浦发银行收益率环比+1bp至3.82%，推测是客户结构调整对贷款利率的影响消退，贷款利率环比企稳。②负债端，21Q2浦发银行成本率环比+2bp至2.29%，判断受主动负债成本上行影响。注意到，满发银行负债结构显著优化，且企业活期存款增长喜人，显示客户基础显著夯实。21H1浦发银行存款占比提升，存款环比+5%，增速较总负侦快u，企业活期存款环比+9%，增速较总负侦快8p吧，展望木未，容户结构调整到位和客户基础的夯实，有望继续支撑息差。   
　　不良连续双降   
　　满发银行不民连续6个季度实现双降，资产质量大幅好转。21Hl不良额环比4.2亿元，不良率、关注率分别环比下降3bp、26bp至1.64%、2.26%.同时，历史包秩继续出清，非信贷拔备大幅增厚。21Hl西部地区减值损失同比+27%；非信贷减值损失同比+120%，判断是表外资产回表导致。展望未来，随着历史包被出清，客户结构调整到位，长三角战略聚焦推进，资产质量有望继续改善。   
　　盈利预测及估值   
　　浦发银行营收动能修复，息差环比金稳，不良连续双降。预计2021-2023年浦发银行归母净利润同比增长6.78%/8.32%/11.98%，对应BPS19.50/21.08/22.84元。维持目标价19.63元，对应2021年1.01倍PB.现价对应2021年PB0.47倍，现价空间114%，买入评级。   
　　风险提示：宏观经济失速，不良大幅爆发。"
浦发银行(600000)：经营表现平稳,公司,中信证券股份有限公司,肖斐斐/彭博/周基明,2021-08-30,"浦发银行立足上海，持续夯实长三角区域发展优势，推进“财富+同业+投行”   
　　业务建设。公司经营表现稳定，资产质量处于改善通道，拨备覆盖水平保持平稳。给予公司目标价10.60 元，维持“增持”评级。   
　　营收增速回升，业绩平稳增长。上半年浦发银行实现营业收入973.65 亿元，归母净利润298.38 亿元，同比分别下降3.99%/上升3.05%（一季度分别下降10.65%/上升7.70%）。（1）收入端：利息净收入/非息收入同比分别下降3.46%/下降5.16%（一季度同比分别下降8.09%/下降15.63%）。（2）成本端：成本收入比同比上升2.59pct 至23.88%，整体成本控制能力稳定。（3）拨备端：   
　　信用成本小幅节约，拨备/拨备前利润同比下降5.04pct 至52.08%。   
　　资产增速放缓，息差小幅下降。（1）二季度资产扩张速度放缓：二季度公司总资产环比+0.70%（Q1 环比+1.47%），信贷/金融投资环比分别+1.03%/-2.65%。   
　　（2）资产收益有所下行：上半年公司净息差同比下降27BP 至1.84%，主要原因是资产收益下降较多，同比下降34BP 至4.41%。   
　　中间业务仍处恢复过程，投资业务表现回升。上半年公司实现非息收入297.03亿元，同比-5.16%（一季度同比-15.63%）。（1）手续费及佣金收入小幅下降：   
　　上半年公司手续费及佣金净收入同比下降9.99%（Q1/Q2 分别同比下降14.54%/4.20%），中间业务仍处于恢复过程中。（2）投资收益回升明显：上半年公司“投资收益+公允价值变动损益”同比下降2.84%（Q1 同比下降22.42%），其中二季度单季同比上升34.76%，单季表现良好。   
　　账面资产质量改善，风险抵补能力稳定。（1）不良及关注率延续下降趋势：二季度末公司不良贷款率1.64%，关注贷款率2.26%，较一季度末分别下降0.02/0.26pct，延续改善趋势。（2）拨备覆盖率稳定：二季度末公司拨备覆盖率151.26%，较一季度末小幅下降3.02pct，整体风险抵补能力保持稳定。   
　　风险因素：宏观经济增速超预期下滑，导致资产质量大幅恶化。   
　　投资建议：经营表现平稳。浦发银行立足上海，持续夯实长三角区域发展优势，推进“财富+同业+投行”业务建设。公司经营表现稳定，资产质量处于改善通道，拨备覆盖水平保持平稳。考虑到公司息差受资产收益下行环境影响，我们小幅下调2021/22 年EPS 预测至1.93/2.18 元（原预测为1.99/2.27 元），当前A 股股价对应2021 年0.47xPB。考虑公司估值修复空间，给予公司2021 年0.55xPB，对应目标价10.60 元，维持“增持”评级。"
浦发银行(600000)2021年中报点评：息差持平 资产风险有所缓释,公司,海通证券股份有限公司,孙婷/林加力/解巍巍,2021-08-30,"投资要点：浦发银行息差持平，资产和负债规模平稳增长，强化管理资产质量使得风险有所缓释，助力公司创收能力恢复。给予“优于大市”评级。   
　　收入能力边际改善。上半年营业收入同比增速-4.0%，降幅较1Q21 的-10.6%缩小6.6pct；利息净收入和非息净收入同比增速分别为-3.5%、-5.2%，较1Q21 的降幅分别缩窄4.6pct、10.5pct，最终实现归母净利润同比增速3.05%，收入能力呈现边际改善态势。   
　　对公类非息收入增长，较疫情期间有所好转。1H21 结算及清算、投行业务同比分别增长18.5%、9.1%，均优于疫情前同期水平。公司以主要结算银行为目标，以“投行+商行”为基本服务策略，在结算及清算、投行业务方面已取得初步成效。我们认为在银行卡和托管业务两块非息收入主力军尚未完全复苏的情况下，对公类中间业务的增长有助于缓解非息收入下行压力。   
　　息差持平，资负结构稳定。1H21 经测算的报告期净息差1.76%，较1Q21 末持平，同比下降26BP。资产端，集团保持稳健的贷款投放策略，上半年主要支持对公业务，制造业中长期贷款较年初增速达21.25%，高于贷款整体增速。零售贷款占比较年初略下降0.9pct 到38.6%，按揭贷款和经营贷款占总贷款比重分别提高0.2pct、0.5pct。负债端，上半年日均活期存款占比达43.53%，同比提高4.08pct。   
　　不良率和关注贷款率连续多季度压降。2Q21 末不良率和关注贷款率分别为1.64%、2.26%，较1Q21 各自下降3BP、26BP，均自2019 年末达到峰值后实现连续6 个季度下降。逾期贷款率2.17%，较年初上升3BP。其中，零售贷款不良率较年初下降12BP 至1.23%，信用卡不良率下降56BP 至1.96%，是零售贷款质量优化的主力。对公贷款不良率较年初下降9BP 至2.24%。我们认为零售、对公双管齐下，使得公司对资产的风险管控能力得到边际提高。   
　　投资建议。浦发银行息差持平，资产和负债规模平稳增长，强化管理资产质量使得风险有所缓释，助力公司创收能力恢复。我们预测2021-2023 年EPS 为2.06、2.28、2.59 元，归母净利润增速为9.11%、10.16%、9.75%。我们根据DDM 模型（见表2）得到合理价值为14.59 元；根据PB-ROE 模型给予公司2021E PB估值为0.70 倍（可比公司为0.76 倍），对应合理价值为13.57 元。因此给予合理价值区间为13.57-14.59 元（对应2021 年PE 为6.58-7.07 倍，同业公司对应PE 为6.37 倍），维持“优于大市”评级。   
　　风险提示：企业偿债能力下降，资产质量大幅恶化；金融监管政策出现重大变化。   
　　主要"
浦发银行(600000)：处于不良出清进程,公司,中国国际金融股份有限公司,张帅帅/严佳卉/杨馥娜,2021-08-29,"1H21业绩低于我们预期   
　　浦发银行公布1H21业绩，低于我们的预期。1H21实现营收973.65亿元，同比下滑4.0%;实现拨备前利润725.26亿元，同比下滑7.4%;归母净利润298.38亿元，同比增长3.0%。单季度实现营收478.43亿元，同比增长4.0%;实现归母净利润111.41亿元，同比下滑3.9%。业绩归因来看，息差和非息是拖累因素,拨备计提力度减缓反哺利润。   
　　发展趋势   
　　息差同比下降拖累净利息收入增长。1H21公司实现净利息收入676.62亿元，同比下滑3.5%，主要是受到净息差同比下滑27bps 的拖累，从生息资产端来看，占比分别为57.0%和27.90%的贷款和投资收益率同比分别下降47bps、15bps，最终导致生息资产收益率同比下降34bps，而负债端成本下降相对缓慢，1H21仅同比下降5bpso财富管理业务进展可期，有望提振中收。1H21公司实现净手续费收入152.66亿元，同比下滑10.0%，拖累主要来自于银行卡业务和托管业务，同比分别下滑14.6%和12.7%，而结算清算、投行和代理业务收入增长可观。向前看，我们认为公司聚焦财富管理有望提振中收，1H21银行零售客户数达到13,264万户，客户金融资产AUM达到35,149.41亿元，较年初分别增长12.4%和12.3%，上半年实现财富管理收入35.74亿元，同比增长4.4%o不良继续出清进程。不良处置力度加大，上半年公司共核销不良贷款369.22亿元，同比增长6.05%，不良净生成率为1.60%，同比、较年初分别下降10bps、9bps。不良贷款率1.64%，环比、较年初分别下降3bps、9bpso不良贷款余额777.40亿元，环比、较年初分别下降4.17、7.21亿元。潜在不良下降明显，关注类贷款占比2.26%，环比、较年初分别下降26bps.33bps。拨备覆盖率148.70%，环比、较年初分别下降5.58ppt、2.04ppto盈利预测与估值维持2021/2022年盈利预测不变，当前股价对应2021/2022年4.2倍/3.8倍市净率。考虑到公司处于不良出清进程和投资者风险偏好因素，下调目标价11.9%至13.74元，对应6.3倍2021年市净率和5.7倍2022年市净率，较当前股价有49.9%的上行空间。   
　　风险   
　　营收增长疲软，资产质量修复不及预期。"
浦发银行(600000)：科技赋能显效 资产质量优化,公司,华泰证券股份有限公司,沈娟,2021-08-29,"科技赋能显效，资产质量优化   
　　浦发银行1-6 月归母净利润、营收、PPOP 同比+3.0%、-4.0%、-7.4%，较1-3 月-4.6pct、+6.7pct、+7.6pct，利润增长驱动因素包括规模稳步扩张、拨备计提力度回归常态化。鉴于营收增长压力较大，我们预计21-23 年EPS2.05/2.17/2.29 元（前值为2.12/2.30/2.48 元），21 年BVPS 预测值19.47元，对应PB 0.47 倍。可比公司21 年Wind 一致预测PB 均值0.70 倍，公司数字化转型赋能长期发展，估值折价空间有望缩小，我们给予21 年目标PB 0.60 倍，目标价由12.70 元下调至11.68 元，维持“增持”评级。   
　　资产稳步扩张，息差下行   
　　1-6 月年化ROE、ROA 分别同比-0.34pct、-0.05pct 至10.72%、0.76%，盈利能力略有下行。6 月末总资产、贷款、存款增速分别为+8.0%、+13.5%、+6.7%，较3 月末-2.5pct、-1.8pct、-1.3pct。资产稳步扩张，贷款占比提升。   
　　零售贷款占比较20 年末-0.9pct 至38.6%；存款活期率为46.8%，较20 年末基本持平。1-6 月净息差为1.84%，较20 年-18bp，主要由资产端拖累，预计由于优质资产抢夺激烈导致资产端定价持续下行。1-6 月生息资产收益率、计息负债成本率分别为4.07%、2.30%，较2020 年-23bp、-3bp，其中存款成本率较20 年-12bp 至1.98%，主要受益于高息存款的压降。   
　　数字转型赋能，财富管理平稳发展   
　　1-6 月中间业务收入同比-10.0%，其中托管等受托业务、银行卡业务收入分别受资管新规、减费让利影响而减少，两者分别同比-12.7%、-14.6%。中收/总营收同比-1pct 至15.7%。财富管理平稳发展，相关收入同比+4.4%，6 月末零售AUM 达3.51 万亿元，较年初+12.1%。非保本理财余额1.24 万亿元，较2020 年末-8.0%。数字化转型领先，开放银行生态成效初显，高质量连接触达客户1.23 万户，智能营销超3000 万人次，开拓获客渠道。   
　　资产质量改善，资本充足率基本稳定   
　　6 月末不良率、不良贷款额分别为1.64%、777.4 亿元，较3 月末-2bp、-24.6亿元，不良贷款实现双降，零售贷款质量幅度更为明显，6 月末对公贷款不良率、零售不良率分别为2.24%、1.23%，较20 年末-9bp、-12bp。关注类贷款占比较2020 年末下降33bp 至2.26%，逾期90 天以上贷款/不良贷款为86%，较2020 年末+2pct。6 月末拨备覆盖率为151%，较3 月末-2pct，21H1 信用减值损失同比增速为-15.6%，增速较Q1 上升19.4pct，主要由于加大非信贷类资产减值损失计提力度。6 月末资本充足率、核心一级资本充足率分别为14.28%、9.42%，较3 月末-0.14pct、-0.08pct。   
　　风险提示：经济下行持续时间超预期，资产质量恶化超预期。"
浦发银行(600000)：结构调整深化 风险出清加速,公司,广发证券股份有限公司,倪军/屈俊/万思华,2021-08-29,"营收、PPOP 增速环比改善，利润保持稳健增长。公司发布21 年中报：   
　　21H1 营收、PPOP、归母净利润同比分别增长-4.0%、-7.4%、3.0%，增幅较21Q1 分别提高6.7pct、7.5pct、-4.6pct。营收增长乏力但增速环比有所改善，结构上来看，21H1 利息净收入、手续费净收入、其他非息收入同比分别增长-3.5%、-10.0%、0.6%，增速均较21Q1 有所提高。其中利息净收入同比负增长主因是息差同比下降较多；中间业务中结算与清算业务、投行类业务增长态势较好，手续费净收入同比负增长主因是托管及其他受托业务、银行卡业务收入下降。营收下滑叠加成本收入比同比上升的影响，导致PPOP 同比下降较多；得益于信用成本同比下行，归母净利润同比保持正增长。   
　　资源配置向低风险领域倾斜；存款经营成效显现，活期存款增长较快，推动整体负债成本下行。21H1 公司的净息差为1.84%，同比下降27bps，较20A 下降18bps，原因是贷款收益率大幅下行导致生息资产收益率明显下降，抵消了负债成本改善的正面贡献。具体来看：（1）资产端在“以高质量发展为主线”、“夯实长三角区域发展优势”的背景下，近年来信贷资源持续向企业客户倾斜，21H1 新增贷款中68%投向了对公，结构上以战略客户和长三角地区为主；零售信贷整体占比下降的同时结构也在调整，按揭占比上升、信用卡占比下降；信贷结构持续向低风险领域倾斜，导致贷款收益率显著走低。（2）负债端，随着客户经营深化，对公活期存款、零售活期存款均保持较快增长，负债结构优化，降成本成效显著。总的来看，负债结构调整效益正在逐步释放，后续随着资产结构调整到位，资产端价格走稳，息差下行压力有望减轻。   
　　风险出清加速，资产质量整体向好。公司持续加大不良处置力度，21H1不良核销转出率达95.5%，不良贷款额和占比自20Q1 以来连续6 个季度环比双降，关注、逾期和不良认定指标总体稳定。此外，拨备覆盖率151.26%，相对平稳。总体来看，公司风险管控加强。   
　　投资建议：公司持续推动“保收入、增存款、稳投放、控风险、探新路”，促进高质量发展。资产端优质资产投放力度加大；负债端对公、零售双管齐下，存款增长提质上量，降成本效益释放；同时，持续推进风险压降，资产质量得到进一步夯实。预计公司21/22 年归母净利润增速分别为8.0%、10.1%，EPS 分别为2.04/2.26 元/股，当前A 股股价对应21/22年 PE 分别为4.5X/4.1X，PB 分别为0.47X/0.43X，综合考虑公司近两年PB 估值中枢和基本面情况，我们给予公司21 年PB 估值0.65X，对应合理价值为12.72 元/股，维持“买入”评级。   
　　风险提示：（1）经济增长超预期下滑；（2）资产质量大幅恶化"
浦发银行(600000)：高管增持点评：增持显信心 性价比之王,公司,浙商证券股份有限公司,梁凤洁/邱冠华,2021-07-17,"报告导读   
　　高管增持显信心，基本面向好，估值性价比之王。   
　　投资要点   
　　事件概览   
　　2021 年 7 月 15 日，浦发银行公告，潘卫东行长等 5 位高管通过自有资金从二级市场买入普通股股票 43.55 万股，并承诺锁定两年。   
　　核心观点   
　　1、 增持显信心。本次增持，涉及包括以潘卫东行长为代表的 5 位高管，且承诺锁定两年，凸显两大信号：①管理层对浦发银行中长期经营业绩有强大信心。   
　　②当前浦发银行股价已显著低估，性价比凸显。   
　　2、 基本面向好。当前浦发银行基本面迎三大拐点：①资产质量筑底，2020Q1以来，不良贷款连续 5 个季度实现双降。②战略重大升级。区域上，聚焦长三角；业务上，塑造财富管理首选银行，提高盈利能力；科技上，2020 年科技战略升级，打造全景银行，未来科技人员占比有望从 10%提升至 20%。③管理赋能业务，郑杨董事长在金融监管方面有长期、深厚的经验，潘卫东行长金融科技和银行管理经验丰富，二者强强联手，管理赋能业务。   
　　3、 性价比极高。截至 2021 年 7 月 15 日收盘，浦发银行 2021 年 PB 估值仅0.51x，估值性价比极高，重点推荐。维持目标价 19.63 元，对应 2021 年 1.0xPB，现价空间 97%。   
　　盈利预测及估值   
　　增持显信心，性价比之王。预计 2021-2023 年浦发银行归母净利润同比增长7.81%/9.70%/10.87%，对应 BPS 19.51/21.15/22.98 元。维持目标价 19.63 元，对应 2021 年 1.0 倍 PB。现价对应 2021 年 PB 0.51 倍，现价空间 97%，买入评级   
　　风险提示：宏观经济失速，不良大幅暴露。"
浦发银行(600000)2021年一季报点评：不良消化快 营收待恢复,公司,浙商证券股份有限公司,梁凤洁/邱冠华,2021-06-05,"报告导读   
　　利润增速修复，不良继续双降，营收有待恢复。   
　　投资要点   
　　业绩概览   
　　浦发银行21Q1 归母净利润同比+7.7%，增速环比20A 提升8.7pc；营收同比-10.6%。21Q1 净息差（期初期末口径）1.73%。ROE 13.4%，ROA 0.96%。21Q1末较年初不良双降，不良余额-0.4%，不良率1.66%，较年初-7bp；拨备覆盖率154%, 较年初+2pc。   
　　核心观点   
　　1、利润增速修复。21Q1 归母净利润同比+7.7%，增速较2020A 回升8.7pc，略超市场预期，主要得益于拨备拖累的改善，拖累因素在于营收增长不及预期。   
　　2、不良继续双降。存量指标上，浦发银行不良延续2020 年以来的双降态势，不良率、关注率分别继续环比-7bp、-6bp。动态指标上，不良生成率同比下降，TTM 真实不良（不良+关注）生成率环比继续下降。判断未来资产质量将继续向好，得益于：①存量不良暴露趋缓；②新增投放转向优质大客户和发达区域。   
　　3、营收有待恢复。21Q1 营收同比-10.6%，低于市场预期，但我们预计未来有望回升，主要考虑拖累因素消除。①息差高基数效应消退。2020 年浦发银行息差前高后低，一方面是利率下降，另一方面是加大转型。21Q1 息差环比继续略降，归因按揭重定价和贷款结构调整。展望未来，随着业务结构调整到位，预计息差有望企稳。叠加高基数效应消退，缓解浦发银行营收端压力。②投资收益高基数消退。20Q1 是债市牛市，而21Q1 债市震荡调整，投资收益方面受高基数影响，后续基数效应影响将逐渐消退。   
　　盈利预测及估值   
　　浦发银行利润增速修复，不良继续双降，展望未来营收有待恢复。预计2021-2023 年浦发银行归母净利润同比增长7.81%/9.70%/10.87% ， 对应BPS19.51/21.15/22.98 元。继续维持目标价19.63 元，对应2021 年1.0 倍PB。现价对应2021 年PB 0.52 倍，现价空间92%，买入评级。   
　　风险提示：宏观经济失速，不良大幅暴露。"
浦发银行(600000)：结构持续优化 静待效益释放,公司,广发证券股份有限公司,倪军/屈俊/万思华,2021-05-10,"核心观点：   
　　拨备计提力度减轻，利润同比增长较好。浦发银行发布21 年一季度报告：21Q1 营收、PPOP、归母净利润同比分别增长-10.6%、-14.9%、7.7%，增幅较20 年分别-13.6PCT、-16.1PCT、+8.7PCT。在上年同期基数较高的背景下，21Q1 营收端利息净收入、手续费净收入、其他非息收入同比增速均下降，叠加成本收入比同比上升的影响，导致PPOP 同比增速下滑较多；得益于信用成本下行，归母净利润同比增速由负转正，且实现了近年来较好的增长水平。   
　　资产规模迈上新台阶，对公贷款表现突出；负债端活期存款增长较快；资产负债结构持续优化。21Q1 末，公司总资产突破8 万亿元，迈上新台阶；总贷款同比增长15.3%，信贷保持了较高的投放速度，总贷款占总资产比重较上年末提升；信贷结构方面，对公业务继续发力，21Q1新增贷款中81%为对公贷款，对公贷款余额处于可比同业领先地位，预计主要投向了战略客户和三大重点区域。负债端，21Q1 末总存款同比增长7.6%，增速较20 年末有所放缓，主要是对公定期存款同比减少所致。在对公交易结算业务强化和零售代发业务发力的带动下，活期存款同比增长较快，其中对公活期、零售活期同比分别增长了16.5%、29.6%。总体来看，资产负债结构仍在继续优化。后续随着公司资产负债结构调整效益逐步释放，息差有望企稳回升。   
　　风险压降推进，不良连续5 个季度环比双降。21Q1 末，不良贷款额较上年末减少3.04 亿元，不良贷款率为1.66%，较上年末下降7BP，不良延续了20 年一季度以来的环比双降态势；关注类贷款率为2.52%，较上年末下降6BP；据我们测算，年化不良生成率为1.26%，同比环比均在下降。此外，拨备覆盖率提升至154.28%。总体来看，公司风险管控加强。   
　　投资建议：公司加快推动高质量发展，盈利同比实现较好增长。资产端，信贷保持较快增长，对公表现突出，优质资产投放力度加大；负债端，对公、零售双管齐下，存款增长提质上量；同时，持续推进风险压降，资产质量得到进一步夯实。预计公司21/22 年归母净利润增速分别为8.2%、10.8%，EPS 分别为2.05/2.28 元/股，BVPS 分别为19.57/21.42 元/股，当前A 股股价对应21/22 年 PE 分别为4.9X/4.4X，PB 分别为0.51X/0.47X，综合考虑公司近两年PB 估值中枢和基本面情况，我们给予公司21 年PB 估值0.65X，对应合理价值为12.72 元/股，维持“买入”评级。   
　　风险提示：（1）经济增长超预期下滑；（2）资产质量大幅恶化。"
浦发银行(600000)：营收增速低点 不良持续下降,公司,中信建投证券股份有限公司,杨荣/陈翔,2021-05-05,"事件   
　　4 月29 日，浦发银行披露2021 年一季报。1Q21 实现营业收入495.22 亿元，同比下降10.6%；实现归母净利润186.97 亿元，同比增长7.7%。1Q21 不良率1.66%，季度环比下降7bps；1Q21 拨备覆盖率154.28%，季度环比提高1.5pct。   
　　简评   
　　1．1 季度息收低点，看好后续回升   
　　1Q21 浦发银行营收同比下滑10.6%，分项来看，1Q21 利息净收入336.72 亿元，同比下降8.09%，占营收的67.99%；非息收入158.80 亿元，同比下降15.63%，占营收的32.01%，占比同比下降1.89pct。其中净手续费及佣金收入81.24 亿元，同比下降14.54%。   
　　利息收入下降主要是去年一季度息差全年高位，1Q21 净息差（测算值）同比大降40bps，负向贡献营收16.15%，抵销规模正向增长贡献10.80%。我们认为随着去年底息差降势已经显著收窄下，后三季度息差将逐步回稳，对营收的负向贡献将会明显减少，一季度是息收增长低点。   
　　从2020 年浦发的净手续费收入结构来看，托管及银行卡业务收入是主要构成，占比分别为34.83%及32.83%，参照同业一季度浦发托管业务应该增长较好，主要负向贡献预期来自银行卡及其他业务，同时净手续费的支出加大，预期与渠道引流费用加大有关；其他非息收入的投资收益也受贵金属收益减少下降。浦发银行聚焦财富管理与投资银行，拥有多个金融牌照，着力提升“大资管”与“大投行”服务能力，虽然一季度中收有所下滑，但一季度管理个人资产余额达3.25 万亿元，较年初增长3.83%，保持了稳步增长，个人存款首次突破万亿，“大资管”能力增强；未来综合化经营下，中收增长可期。   
　　2．不良继续保持双降，资产质量夯实   
　　1Q21 浦发银行不良余额781.57 亿元，较年初下降0.39pct；不良率1.66%，季度环比下降7bps。不良自去年一季度开始持续额率双降，彰显浦发对于资产质量改善上的决心。前瞻性指标来看，1Q21关注类占比为2.52%，季度环比下降6bps，潜在风险也在出清。   
　　1Q21 拨备覆盖率提高至154.28%，季度环比提高1.51pct，风险抵补能力增强。   
　　去年末浦发不良下降主要来自对公不良，同比大降75bps 至2.33%；与此同时，零售不良同比提升3bps 至1.35%，主要是信用卡不良提升较快。我们预期浦发不良继续改善的趋势不变，今年伴随疫情消退居民消费需求修复下，消费类信贷的资产质量将有望恢复常态，带动零售不良改善。   
　　3．一季度信贷投放加速；零售存款占比提升   
　　一季度加大信贷投放，压降同业资产、债券投资。1Q21 浦发银行总资产达8.07 万亿元，较年初增长1.47%。   
　　其中贷款总额达4.70 万亿元，较年初增长3.59%，增速快于去年同期（+1.2%），同时也快于总资产增速，贷款占总资产的58.22%，较年初提高1.19pct，同业资产、债券投资占比分别较年初下降0.56%/0.19%。从新增贷款投向来看，对公贷款/个人贷款/票据贴现占比分别为80.53%/3.67%/15.80%，一季度以对公投放为主。1Q21 对公贷款占比较年初上升1.03pct 至51.88%，零售贷款占比较年初下降0.82pct 至38.71%。在一季度信贷依然加大投放的趋势下，我们预期伴随后续息差企稳，贷款规模增长贡献显露，全年息收增长回升可期。   
　　存款占比、零售存款占比提升。1Q21 浦发银行存款总额达4.19 万亿元，较年初增长2.81%，占总负债的56.61%，占比较年初提升0.80%。存款结构来看，新增存款主要来自零售，占新增存款的73.71%。1Q21 对公存款/零售存款的占比为75.01%/24.91%，零售存款首次突破万亿，占总存款比重较年初提升1.37pct。   
　　4．投资建议与盈利预测   
　　我们继续看好浦发银行，主要原因包括：1）NIM 将环比回升。本年内后几个季度，随着新增信贷中零售贷款高增长，零售贷款占比提高，资产端收益率将所有改善，NIM 预计将环比回升，同时我们相信一季度是息收低点，随着信贷规模扩张，NIM 的回升，息收贡献将由负转正，预计全年息收将实现正增长；2）资产质量持续改善。不良实现连续五个季度的双降，关注率也在改善，整体资产质量在夯实；未来几个季度,不良率和关注类贷款占比将继续下降，信用成本率将将环比下降。3）零售优势增强。随着科技加零售的深度绑定，零售优势将持续改善。未来管理个人资产余额稳步提升，零售存款占比提升，财富管理业务也将实现较快发展；这将持续贡献中收的增长。4）中长期来看，区位优势和综合化优势将继续增强。长三角区域经济修复相对较好，浦发区位优势显著，其将从中受益；同时浦发手持多张牌，多牌照综合化经营，将有助于中收的稳定增长；而且其优先提出全景银行发展战略，未来金融科技领先优势将带动各项业务的稳定发展和持续优化，未来业务增长能力强。   
　　我们预计，浦发2021 年营业收入同比增长9.9%，归母净利润同比增长10.2%，当前股价对应0.50 倍21 年PB，维持买入评级。目标价15 元，对应0.74 倍PB。   
　　5．风险提示   
　　公司主要面临以下风险：1）宏观经济大幅下滑，引发银行不良风险；2）全球疫情出现超预期反弹，国内外政策发生变化；3）中国无风险利率中枢大幅上移。"
