海康威视(002415)：主业疫后复苏逻辑加强 创新业务加快上市步伐,公司,华安证券股份有限公司,胡杨/傅欣璐,2022-12-21,"公司公告   
    12 月10 日，公司发布 分拆子公司海康机器人至深交所创业板上市的预案修订稿。本次分拆完成后，海康威视股权结构不会发生变化，且仍将维持对海康机器人的控股权。   
    12 月20 日，公司子公司萤石网络公布首次IPO 并在科创板上市网上中签结果。此前，萤石网络于11 月23 日IPO 上市发行已获证监会注册。   
    点评   
    展望明年，经济复苏预期强烈，内需有望实现一定程度恢复。“新十条”   
    出台后，各地防疫政策在12 月出现动态优化。12 月14 日，中共中央、国务院印发《扩大内需战略规划纲要（2022-2035 年）》；15 日，国家发改委发布《“十四五”扩大内需战略实施方案》。规划强调强化内需消费、发挥投资作用、提高供给质量等目标，在此目标下，B 端与C 端消费有望实现一定程度复苏流动；基础设施（交通、能源、水利、物流、生态、民生、信息等）加强建设则有望推动政府端项目恢复；完善技术、数据要素配置加快企业推进数字化改造，数字化解决方案提供商市场机遇提升。   
    疫后复苏逻辑加强，G 端与B 端业务恢复可期。前三季度，公司营收与归母净利润分别同比变化+7.36%与-19.38%，利润下滑的原因主要系疫情影响，导致国内部分项目落地延迟与部分行业应用需求缩紧。毛利率与净利率分别为42.35%与15.70%，利润率略微下滑的主要由于去年基数较高，以及下游低端产品在今年比例增长等。海康作为头部数字化公司，业务下游布局广泛，主营业务中PBG/EBG/SMBG 在业务收入中的占比分别为18.72%/18.33%/16.87%（22 年上半年数据）。疫后复苏预期下，公司To G端业务与To B 端业务恢复可期：（1）G 端业务与政府支出紧密相关，22Q3安防行业景气指数为142，环比Q2 上升12pct，同比去年仍下降27pct，展望明年，安防景气有望进一步复苏，政府项目也由单纯公安治理逐渐过渡至视频网联管理。（2）B 端项目覆盖能源、地产、金融、教育、工商业等大板块，能源景气背景下，今年能源冶金等板块表现出色，展望明年，工商业、教育等板块有望在政策动态变化后逐步复苏。   
    公司业绩韧性强劲，数字化领先优势明显，创新业务逐步完成上市。即便在今年国内经济环境充满挑战，海外地缘政治因素不确定的背景下，公司仍然通过调整下游需求订单与上游供应链管理，灵活控制费用支出，实现较为稳定的收入增长，表现出了强有力的业绩韧性。作为头部智能物联网公司，公司积累的感知数据丰富、底层平台基础扎实、可复用组件数量庞大，数字化解决方案领先优势明显。基于此基础下，公司于主业端扩展海外业务，加快在发展中国家的布局；在新产品端孵化出诸多    创新业务，目前创新子公司萤石网络上市在即，海康机器人也已提交上市预案，计划在明年完成分拆上市进程。   
    萤石网络看点：智能家居+云平台双业务驱动，一体化AIoT 能力出色萤石网络为海康首家独立分拆公司，涵盖“智能家居+云平台服务”双主业，客户包括C 端（智能家居业务，21 年收入占比87%）与B 端（云平台业务，21 年收入占比13%），业务发展扎实稳健，2018~2021 年收入复合增速高于40%。（1）在C 端业务侧，公司已经搭建完成“萤石”品牌智能家居产品家族，包括智能家居摄像机、智能入户、智能控制、智能服务机器人、宠物看护等产品，截至21 年，智能家居摄像机市场份额已至18%，智能门锁等产品销量领先。此外，公司在实现硬件产品的一次性收入后，利用萤石物联网云平台或算法商店，实现可持续的技术增值服务收入，2018~2021 年复合增速高达48%。（2）在B 端业务侧，公司在第三方设备基础上，利用物联云平台能力，提供PaaS 层的开放平台服务，通过设备接入、运维支撑，及销售API、SDK、SaaS 组件实现服务收入。   
    2018~2021 年，软件开放平台实现了97%的复合增长速度。   
    此次分拆有助于母公司与子公司更好厘清各自优势，进一步打造“萤石”   
    独立品牌，发挥其硬件端与平台端的特色，利用二级市场提高投融资灵活度。萤石业务最早孵化自海康内部，沿袭了海康极强的硬件产品能力与AI 平台技术能力，萤石通过自主研发的云平台构建其核心竞争力，成为业内少有的具备一体化服务能力的AIoT 企业。未来，公司也将进一步强化渠道、品牌、平台能力，发挥视觉与AI 能力特长。   
    海康机器人看点：国内领先的机器视觉与移动机器人提供商海康机器人是国内领先的机器视觉和移动机器人的硬件产品和算法软件平台提供商。与萤石网络股权结构相同，截至上市前，海康机器人由海康威视持有60%的股权，员工持股平台阡陌青荷持有40%的股权。（1）机器视觉业务端，技术产品已从2D 视觉拓展至3D 视觉，现形成三大产品线——2D 视觉产品线、智能ID 产品线、3D 视觉产品线，并以VM 算法软件平台为核心孵化视觉应用生态，面向碎片化工业场景开发应用。（2）移动机器人业务端，已形成四大类机器人产品线——潜伏、移载、叉式、料箱和两大软件平台——机器人调度系统RCS、智能仓储系统iWMS。海康机器人基于母公司的硬件与数据能力，深耕出独具自身特色的算法服务、人机交互、数据融合等领域，实现多行业全场景覆盖。   
    2019-2021 年，海康机器人净利润分别为0.45/0.65 /4.82 亿元，快速的业绩增长，一方面得益于突出的技术、客户、品牌优势。海康机器人具备视觉定位导航、激光 SLAM 定位导航、障碍物感知识别、视觉成像技术、复杂数据处理、算法优化等领域的技术优势，深耕多年布局3C 电子、汽车、新能源、半导体等客户的优势，受到了多行业多客户的认可；成为本土领先的机器视觉与AGV 机器人供应商。   
    另一方面，机器视觉与AGV 机器人下游应用领域市场空间广阔。据M&M数据预测，至2025 年全球机器视觉市场规模将超1200 亿元；据GGII 预测，至2025 年我国机器视觉市场规模将达469 亿元；据GGII 预测，至2025 年全球移动机器人市场规模将达766 亿元，复合增长率近40%。   
    本次分拆响应国家资本市场改革政策，海康机器人上市后有望获取二级市场融资，保障机器视觉与移动机器人业务研发投入，提升企业经营与创新能力。   
    投资建议   
    公司在智能物联领域的定位明确，具备前瞻性的智能感知、AIoT、大数据、云计算等技术积累，在全球化业务危中有机、国内高质量发展大方向确立的背景下，公司未来的市场空间明朗。我们认为22 年公司业绩仍将呈现一定韧性，23 年业务复苏与创新业务成长可期，长期基本面优势明确。我们预计 2022-2024 年公司归母净利润为 138.52、186.73、222.20 亿元，对应市盈率为22.54、16.72、14.05 倍，维持“买入”评级。   
    风险提示   
    项目落地不及预期，地缘政治产生影响，技术推进不及预期。"
海康威视(002415)：EBG/SMBG有望重归增长！,公司,浙商证券股份有限公司,蒋高振/吴若飞,2022-12-19,"我们认为，随着行业（地产）政策拐点出现与防疫政策（从“二十条”到“十条”）优化的出现，前期压制EBG 业务的核心因素正在逐步消退，EBG 业务有望在2023 年重归增长，同时SMBG 业务则有望受益于新一轮库存周期的启动。   
    地产政策+防疫政策双拐点，EBG 业务有望迎来恢复性增长对海康而言，前三季度受到疫情反复、经济疲软、需求下滑等影响，公司EBG和SMBG 均有明显下滑，PBG 业务相对维持稳定。其中， EBG 受住宅地产、商业地产整体下行影响较大，智慧建筑继续负增长，能源冶金行业增长较好。11月以来，支持房地产市场融资的政策“工具箱”不断扩大和升级。从民营企业债券融资支持工具扩容，到发布“金融16 条”促房地产市场平稳发展，再到11 月28 日证监会提出在支持房地产企业股权融资方面调整优化5 项措施，地产预期回暖；同时，随着“二十条”疫情优化政策发布，各地对疫情防控举措进行了调整，经济活动逐步有恢复，12 月7 日，国务院进一步发布《关于进一步优化落实新冠肺炎疫情防控措施的通知》（ “新十条”），提出了一系列优化疫情防控的举措，对进一步优化核酸检测、保障社会正常运转和基本医疗服务等十个方面进行了明确优化，前期压制企业资本开支意愿的因素有望逐步得到消解，企业端经济活动有望恢复，2023 年随着经济的持续恢复， EBG 业务有望重归增长。   
    进一步地，SMBG 业务有望受益于新一轮库存周期的重启从前三季度来看， SMBG 三季度同比负增长 21%。一般而言，SMBG 业务和宏观经济&库存周期影响较大，随着防疫“二十条”政策的推进，我们有理由相信随着各个区域的流动性恢复，有望地区业务正常推进，业务整体情况将会改善。   
    SMBG 业务也将受益于新一轮库存周期的启动。从费用端来看，2022 年开始，公司人员方面的扩张目前已经相对放缓，往明后年来看，人员开支的压力不会继续被迫增加，公司主动性有望大大增强。   
    盈利预测   
    我们预计公司 22-24 年收入分别为 853.04/948.70/1117.35 亿元，归母净利润135.73/167.09/208.09 亿元， 摊薄 EPS 为 1.45/1.79/2.23 元，对应PE 分别为23.62/19.19/15.041X。考虑到公司2023 年EBG/SMBG 业务有望同时迎来恢复性增长，我们维持对海康威视的“买入”评级。   
    风险提示   
    企业数字化需求不及预期、海外业务受到贸易摩擦风险、创新业务与SMBG 需求不足、市场竞争恶化等。"
海康威视(002415)：传统业务有望修复 创新业务占比不断提升,公司,国泰君安证券股份有限公司,王聪/刘堃/刘校,2022-12-15,"本报告导读：   
　　影响三大BG 的负面因素有望逐步缓解，2023 年传统业务有望重拾升势；海外与创新业务的占比已达4 成，对公司业绩的带动作用将愈发明显。   
　　投资要点：   
　　维持增持评级 。维持2022-2024年EPS预测为1.47/1.79/2.02元，维持2023 年25 倍PE，维持目标价44.75 元。   
　　2023 年三大BG 有望再回增势。由于2022 年受疫情影响，公司三大BG 均受到不同程度的影响，部分项目出现推迟情况，市场对2023 年普遍较为悲观。但我们认为2023 年，各项负面因素均有望得到缓解，三大BG 均有望恢复至增长态势：①[PBG] 2022 年PBG客户精力主要专注在防疫领域，一方面导致在防疫之外领域的支出降低，另一方面导致在防疫之外的精力降低，以至于部分本应落地的项目也出现了推迟。展望2023 年，PBG 客户的工作将恢复至常态，因此公司的PBG 业务有望不断修复。②[EBG]受住宅地产、商业地产整体下行影响，智慧建筑业务对EBG 整体业绩有一些拖累。   
　　但展望2023 年，地产行业有望摆脱下行颓势，智慧建筑将呈现正向贡献，在能源冶金等其他行业的带动下，公司EBG 业务将重回增势。③[SMBG] 2023 年SMBG 有望重现2021 年快速增长的场景。   
　　原因在于SMBG 的表现与经济活力相关性较高，2023 年重新放开之下，经济有望呈现更强的活力，因此SMBG 亦将显著受益。   
　　海外与创新业务占比稳步提升，高成长性业务占比已达4 成。公司的海外业与创新业务均具备较高的成长性与经营韧性，在2022 这一不利环境之下，公司前三季度的海外与创新业务依然实现了13%与18%的快速成长，且目前收入占比已达4 成，对公司业绩的带动作用将愈发明显。   
　　催化剂。政府招投标的陆续推进；创新业务占比提升。   
　　风险提示。宏观经济修复不及预期。"
海康威视(002415)：海康机器人拟分拆上市 萤石网络完成科创板注册,公司,国信证券股份有限公司,胡剑/胡慧/周靖翔/叶子/李梓澎,2022-12-14,"事项：   
　　公司新闻：（1）12 月10 日公司发布公告，拟拆分子公司杭州海康机器人股份有限公司至深交所创业板上市。本次分拆有助于海康机器人实现业务聚焦，为研发投入提供资金保障，以提升海康机器人在机器视觉和移动机器人领域的制造与技术能力。（2）子公司萤石网络已完成科创板注册，并于12 月13 日进行初步询价。萤石网络主要聚焦智能家居，是以硬件产品为基础的综合智能家居服务商及物联网云平台提供商。   
　　国信电子观点：海康以感知技术为轴，通过产品和软件组合为各行业提供定制化解决方案，是国内的智能物联龙头。在此基础上，机器人、萤石网络为代表的创新业务逐步发展成独立板块，为公司成长注入新动力。随着工业自动化带来机器视觉和移动机器人的持续需求，以物联技术为基础的智能家居加速渗透，海康机器人与萤石网络有望保持快速增长。我们看好公司软硬结合的智能物联综合方案解决能力以及在此基础上延伸的创新业务成长空间，预计22-24 年营收869/985/1132 亿元，归母净利润142.3/172.2 /202.6亿元，当前股价对应PE 分别为23/19/16x，维持“买入”评级。   
　　评论：   
　　拟拆分子公司海康机器人至创业板上市，有利于海康机器人技术与业务独立发展海康机器人主营业务为机器视觉和移动机器人的硬件产品和算法软件平台。作为创新业务之一，海康机器人在机器视觉和移动机器人业务领域深耕智能制造产品与技术，通过对软硬件产品及平台技术和交付流程不断完善以实现用户提效降本。19-21 年海康机器人营业收入复合增速为71.5%，归母净利润增速为225.6%。   
　　预计全球机器视觉市场规模将从21 年804 亿元增至1200 亿元，全球移动机器人（AGV）市场规模将从21年215.5 亿元增至25 年765.5 亿元。随着工业自动化渗透，机器视觉系统可满足对物体检测、增强分析、监控容差和准确的组件测量等要求。在此驱动下，全球机器视觉市场规模将从21 年804 亿元增至1200 亿元，复合增速超12%。随着企业内部供应链向高效、智能化发展，应用于搬运场景的移动机器人需求增加，预计全球移动机器人（AGV）市场规模将从21 年215.5 亿元增至25 年765.5 亿元；中国作为主要市场将从21 年78.12 亿元增至268.5 亿元。   
　　海康机器人在机器视觉及移动机器人核心领域市场份额居本土企业首位。根据GGII 数据，海康机器人凭借视觉定位导航、激光SLAM 定位导航、障碍物感知识别、视觉成像技术、复杂数据处理、算法优化等领域的优势，19-21 年在机器视觉及移动机器人领域均位居国产厂商整体业务规模首位。   
　　智能家居加速渗透，萤石网络蓄势待发   
　　萤石网络是智能家居服务商及物联网云平台提供商。在海康威视智能物联能力基础上，萤石网络以视觉技术作为核心，打造以视觉交互形式的智能家居产品，依托萤石物联云平台通过增值服务和开放式AI 算法赋能用户；此外，针对行业客户，萤石网络还可通过开放平台帮助客户推进智能化转型，协助客户开发面向复杂场景的解决方案。   
　　萤石网络18-21 年营收复合增速为40.5%，扣非归母净利润复合增速为50.5%。18-21 年萤石网络营业收入从15.3 亿元增至42.4 亿元，扣非归母净利润从1.2 亿元增至4.5 亿元。公司的四大产品体系为智能家居摄像机、智能入户、智能控制、智能服务机器人，其中智能家居摄像机占比近70%，高毛利业务云平台服务占比逐年提升，业务结构不断软化。   
　　随着智能家居行业从单品智能化到单品互联互通再到系统智能化发展，公司业务价值量有望不断提升。在智能化应用需求驱动下，截至1H22，萤石物联云平台接入IoT 设备数已超过1.82 亿台，萤石物联云平台用户数量突破1 亿名，月活跃用户近4000 万名，“萤石云视频”应用中的平均月付费用户数量超过170万名，开放平台注册的境内外行业客户近24 万名。   
　　随着工业自动化、家居智能化发展，海康机器人与萤石网络为代表的创新业务有望保持高增长，我们看好公司软硬结合的智能物联综合方案解决能力以及在此基础上延伸的创新业务成长空间，预计22-24 年营收869/985/1132 亿元，归母净利润142.3/172.2 /202.6 亿元，当前股价对应PE 分别为23/19/16x，维持“买入”评级。   
　　风险提示   
　　需求不及预期；创新业务拓展不及预期；汇率波动风险。"
海康威视(002415)：前三季度营收同比增长7.4% 稳健经营应对挑战,公司,国信证券股份有限公司,胡剑/胡慧/叶子/李梓澎/周靖翔,2022-11-23,"3Q 业务受多因素影响，公司业绩短期承压。22 年前三季度公司实现营收597亿元（YoY +7.4%），归母净利润88.4 亿元（YoY -19.4%），扣非归母净利润85.26 亿元（YoY -20.3%），毛利率42.35%（YoY -3.98pct）。3Q22 单季度营收224.6 亿元（YoY +3.4%），归母净利润30.8 亿元（YoY -31.3%），扣非归母净利润28.8 亿元（YoY -35.6%），毛利率41.0% （YoY -5.35pct，QoQ -1.64pct）。   
　　受国内疫情防控、经济下行需求疲软叠加国际冲突加剧、部分国家通胀高企等多方面因素影响，公司业绩阶段性承压。   
　　海外业务实现同比增长，国内主业阶段性承压。3Q22 海外业务实现同比增长13%，其中拉美、亚洲较快增长，欧洲、北美区域负增长，呈分化趋势。多因素影响下国内业务与二季度收入持平：PBG 基本保持持平；EBG 负增长，其中智慧建筑业务下行，能源冶金业务增长较快；SMBG 同比减少21%，7-8月销售情况不佳，9 月恢复正向增长；公司预计未来随智能物联对数字化转型的支撑作用逐渐体现，市场空间将更加清晰。   
　　感知技术夯实公司基础，创新业务保持快速增长。以感知技术为轴，公司拥有3 万多种型号的硬件产品、200 多款软件产品，通过产品和软件组合，公司为各行业提供定制化解决方案，打造小品类、碎片化市场的业务能力。在此基础上，创新业务作为多元增长极为公司发展注入新动力，3Q22 公司创新业务同比增长18%，除智能家居受C 端需求下滑负增长外，其余创新业务均保持较好增长态势。   
　　研发投入保持增长，稳健经营应对挑战。为应对外部环境不确定性增加，公司研发投入保持增长，3Q22 研发费用约为26.18 亿元（YoY +22.7%），聚焦智能物联领域技术创新，打造技术核心竞争力。此外，公司保持人员规模相对稳定，3Q22 后人员数量控制在42000 人左右，预计23 年人员费用压力将会减小，通过不断优化和改善内部管理，逐步提升运营效率。   
　　投资建议：公司海外及创新业务韧性十足，维持“买入”评级。   
　　我们看好海康综合解决方案的业务能力，创新业务与智能物联的多维增长空间，预计22-24 年营收869/985/1132 亿元，归母净利润142.3/172.2 /202.6亿元，当前股价对应PE 分别为19/16/13x，维持“买入”评级。   
　　风险提示：国内需求不及预期，创新业务拓展不及预期。"
海康威视(002415)深度报告：从安防龙头到AI巨头 大象继续起舞,公司,长城证券股份有限公司,侯宾,2022-11-16,"海康威视由传统安防行业拓展至空间更大的智能物联市场：随着人工智能、大数据、云计算等技术的发展，安防行业进入泛安防时代。泛安防将传统安防与新兴技术相结合，形成覆盖更广、终端应用更多元的行业格局。根据IDC 的数据与预测，2019 年全球AIoT 市场规模达到2264亿美元，预计到2022 年达到4820 亿美元，2019~2022 年复合增长率为28.65%。未来十年，正是迎接智能物联黄金时代到来的十年。   
    降本增效驱动企业数字化转型，海康威视三大事业群发展空间依旧广阔：数字化转型是各行各业为提升资源配置效率，使企业实现降本增效的运营目标的一种发展形态。2021 年海康威视公共服务事业群PBG 收入191.61 亿元，同比增长19.85%；企事业事业群EBG 收入166.29 亿元，同比增长12.94%；中小企业事业群SMBG 收入134.90 亿元，同比增长46.49%。我国数字经济发展规模全球领先。2017 年到2021 年，我国数字经济规模从27.2 万亿增至45.5 万亿元，总量稳居世界第二，成为推动经济增长的主要引擎之一。   
    多维感知，人工智能，大数据三大核心能力为支撑拓展的创新业务是增长的重要驱动力：2021 年海康威视创新业务整体收入122.71 亿元，同比增长98.93%，其中超过10 亿的创新业务主体从2 个增加到5 个。海康创新业务的增长速度普遍较快，占公司营收比重达到15.07%，已经成为海康威视成长的稳定动力来源。2022 年上半年，海康微影、海康汽车电子、海康机器人2021 年增速分别达6189.6%、118.9%、103.2%。   
    盈利预测及评级： 我们预计2022-2024 年公司实现营收846.76/954.38/1082.35 亿元；归母净利润138.59/158.69/182.70 亿元；EPS1.48/1.70/1.96 元。对应PE 分别为19/17/15 倍。   
    风险提示：（1）新冠疫情带来的不确定性；（2）地缘政治因素风险；（3）宏观经济环境下行压力增大；（4）政府投入安防力度不及预期；（5）重要原材料供给风险。"
海康威视(002415)：传统业务边际修复 创新业务保持增长,公司,国泰君安证券股份有限公司,王聪/刘堃/刘校,2022-11-06,"本报告导读：   
    受疫情及消费疲软的影响，公司22Q3 业绩低于预期，但公司各大业务条线稳步推进，整体情况一片向好。   
    投资要点：   
	维持增持评级。受疫情及宏观经济因素的影响，我们下调公司2022-2024 年EPS 预测至1.47（-0.33）/1.79（-0.5）/2.02（-0.66）元，考虑行业整体估值情况同时给予公司创新业务部分估值溢价，给予其2023 年25 倍PE，下调目标价至44.75（-0.25）元。   
    业绩低于预期。公司前三季度实现营业收入597.22 元， 同比+7.36%，归母净利润88.40 亿元，同比-19.38%。22Q3 单季度实现营业收入224.64 亿元，同比+3.39%，归母净利润30.81 亿元，同比-31.29%；毛利率41.04%，同比-5.35pcts，环比-1.64pcts 。国内方面，PBG 与去年同期基本持平，EBG 及SMBG 均为负增长；海外业务及创新业务保持较好的增长态势，同比分别+13%、+18%。受需求疲软及疫情防控的影响，公司前三季度营收小幅增加，利润下降主要由于（1）当前环境需求疲软，公司尽力争取所有可为业务（2）客户开支保守，低端产品占比增加。   
    国内业务有望逐渐修复，海外、创新业务保持良好增长。国内业务方面，PBG 业务已经基本稳住，部分业务如交通管理仍保持稳健增长；EBG 方面，公司积极推动各行业数字化转型，行业需求逐步恢复中；SMBG 业务9 月份已经恢复正增长，随着地区业务的推进，整体情况将迎来改善；海外业务方面，欧洲、北美的通胀影响了公司在当地的业务进展，拉美及亚洲保持着较快的增长，预计未来将成为海外业务主要增长点；创新业务方面，除智能家居业务受消费需求疲软影响之外，其他均保持了正增长。   
    催化剂。政府招投标的陆续推进；创新业务占比提升。   
    风险提示。疫情影响项目进展；去库存不及预期。"
海康威视(002415)：短期需求疲软拖累 明年看复苏进展,公司,中信建投证券股份有限公司,刘双锋/孙芳芳,2022-11-06,"事件   
　　公司公告2022年三季度业绩： 2201-03公司实现营业收入597.22亿元，同比+7.36%， 归母净利润88.40亿元，同比-99.19%;扣非净利润85.26亿元，同比-99.20%。其中，单Q3营收224.64亿元，同比+3.39%;归母净利润30.81亿元，网比增长-9931%;扣非净利润28.80亿元，同比-99.36%。   
　　简评   
　　三季度整体未有明显好转，海外与创新业务仍增长强劲单03营收224.64亿元，YoY +3.39%，QoQ +8.33%。归母净利润30.81亿元，YOY -99.31%，QoQ -11.34%;扣非净利润28.80亿元，YoY 99.36%, QoQ -16.19%.主要由于三季度受疫情防控影响较大，部分项目落地延迟，三季度整体情况未有明显好转。1）三大事业板块： PBG 业务与去年同期基本持平，各细分业务基本均衡，略微有一-点负增长，其中民生服务与街道、乡村等基层治理业务需求向好，交通管理业务稳健增长： EBG 业务个位数负增长，其中受住宅地产、商业地产整体下行影响，智慧建筑继续负增长，能源冶金行业增长较好。SMBG业务同比-21%，7-8月份销售情况不佳，出现较大的收入缺口，9月恢复正增长，2）海外业务问比+13%，其中欧洲、北美受通胀影响较大，出现地区性的负增长，对海外整体业务影响较大。拉美、亚洲等地区继续保持较快增长。   
　　3）创新业务同比+18%，整体增长良好。其中萤石智能家居业务受消费需求疲软的影响较为直接，其他创新业务保持增长。   
　　低端产品比重提升，毛利率与净利率承压   
　　前三季度毛利率为42.35%，同比-3.98pct， 净利润率为14.40%，同比-6.24pct.销售费用率为11.90%，同比+0.29pct :管理费用率为3.24%，同比+0.49pct:研发费用率为12.32%，同比+1.42pct;财务费用率为-1.57%，同比-1.18pct。 单Q3毛利率为41.04%，同比-5.35pct，环比-5.35pct， 净润率为14.40%，同比-6.24pct,环比-3.55pct。主要由于低端产品占比有所增长，从2021年年底开始，运费由销售费用调整为成本项，毛利率与往期存在0.73个百分点。   
　　左右的财务统计差异。前三季度，公司人数有所增加，费用有一定增长，财务费用方面，前三季度产生的汇兑收益约为5.4亿元；三季度汇，兑收益约5000万。   
　　盈利预测与投资建议：我们预计2022-2024 年营收881.78/1014.05/1216.86乙元，归母净利润为   
　　137.45/163. 64/208.24亿元，对应的PE为19/16/13倍，随着需求逐渐复苏，PBG 业务项目落地进展加快，维持“买入”评级。   
　　风险分析   
　　全球新冠疫情风险： 全球新冠疫情难以平息，防疫抗疫对经济发展产生直接的影响，公司将密切关注疫情变化，及时作出应对。如果疫情导致国内外经济或经营环境变差，对公司业务的不利影响将相应增大。   
　　经济下行风险：当前国内外经济环境复杂多变，国内宏观经济增速进入中低增长新阶段，如果需求恢复缓慢，投资增长乏力，对公司业务开展将产生不利影响。   
　　地缘政治环境风险： 当前全球地缘政治不确定性大大提高，局部热战与对峙所引发的经济、社会影响巨大，公司在冲突所在国家与地区的经营可能受到不利影响。"
海康威视(002415)2022年三季报点评：宏观经济压力下 控费已初见成效,公司,民生证券股份有限公司,吕伟,2022-11-05,"事件：2022 年10 月28 日，海康威视发布2022 年三季报。公司2022年前三季度，实现营业总收入597.22 亿元，同比增长7.36%；归母净利润88.40亿元，同比下降19.38%；22Q3 公司营业收入224.64 亿元，同比增长3.39%，归母净利润30.81 亿元，同比下滑31.29%；22Q3 毛利率41.04%，同比下降5.35pct，净利率14.40%，同比下降6.97pct。   
    国内业务短期承压，海外业务两极分化。国内主业受三季度疫情防控影响较大，部分项目落地延迟，分业务看：1）PBG 同比基本持平，民生服务与街道、乡村等基层治理业务需求向好，交通管理业务稳健增长；2）EBG 个位数负增长，地产行业承压映射至智慧建筑继续负增长，能源冶金行业增长较好；3）SMBG 在7-8 月份销售情况不佳后，于9 月恢复正增长，SMBG 收入三季度同比负增长21%。海外业务三季度收入同比增长13%，其中欧洲、北美受通胀影响较大，出现地区性的负增长，而拉美、亚洲等地区继续保持较快增长。预计未来海外业务两级分化的状态将会持续，海外收入的区域分布格局将会有所改变。创新业务三季度收入同比增长18%，整体增长良好。其中萤石智能家居业务受消费需求疲软的影响较为直接，其他创新业务均保持增长。   
    费用稳中有降，费用边际有望改善。从公司三季度主要费用上对比，分别为销售费用率11.90%（同比下降0.29pct）、管理费用率3.24%（同比上升0.49pct）、研发费用率分别为12.32%（同比上升1.42pct）,结合三季度公司已控制进一步的人员扩张，在经济出现明显好转前将保持人员规模不再扩张，相应费用边际有望改善。   
    投资建议：公司是目前全球科技巨头中，通过主动架构变革来适应AloT时代碎片化特性的公司，将率先享受智能化时代多场景下创新业务百花齐放的红利，受疫情和逆全球化趋势继续加剧，对于覆盖超过150 个国家和地区的海康威视造成一定的压制，对应调整盈利预测，预计公司2022-2024 年归母净利润为168.91/202.74/249.34 亿元，对应PE 分别为16X/13X/11X。维持“推荐”评级。   
    风险提示：疫情反复有可能导致全球经营风险和供应链风险；海外贸易风险；新产品市场进展不及预期；分拆上市不及预期。"
海康威视(002415)：短期利润承压 龙头地位依旧稳固,公司,平安证券股份有限公司,徐勇/付强/徐碧云,2022-11-02,"事项：   
    公司公布2022年三季报，2022年前三季度公司实现营收597.22亿元（7.36%YoY），归属上市公司股东净利润88.40亿元（-19.38%YoY）。   
    平安观点：   
    短期下游需求较弱，利润端承压：2022年前三季度公司实现营收597.22亿元（7.36%YoY），归属上市公司股东净利润88.40亿元（-19.38%YoY），扣非后归属上市公司股东净利润85.26亿元（-20.28%YoY）。2022年前三季度公司整体毛利率和净利率分别是42.35%（-3.98pctYoY）和15.70%（-4.97pctYoY），业绩低于预期。公司2022Q3单季度营收和归母净利润分别为224.64亿元（3.39%YoY，低于前三季度营收增速7.36%）和30.81亿元（-31.29%YoY），毛利率和净利率分别为41.04%（-5.35pctYoY）和14.40%（-6.97pctYoY）。一方面，三季度以来国内疫情多点爆发，需求端疲软叠加部分项目落地延迟；另外一方面，下游客户倾向保守开支，低端产品占比提升影响毛利率，另外2021年底开始运费由销售费用调整为成本项影响前三季度毛利率约0.73个百分点。费用端：2022年前三季度公司销售费用率、管理费用率和财务费用率分别为11.90%（0.29pctYoY）、3.24%（0.49pctYoY）和-1.57%（-1.18pctYoY，前三季度产生汇兑收益约5.4亿元），公司的销售费用率和管理费用率整体平稳，另外，公司研发费用始终保持较高的占比，2022年前三季度公司研发费用73.56亿元，同比增长21.33%，占营收比重达到12.32%，比去年同期提升了1.42个百分点。长期来看，公司的技术和产品布局完备，龙头地位稳固。   
    强化技术创新，开放生态赋能体系全面形成：技术创新是公司生存和发展的最主要经营手段。为了应对各种挑战，也为了迎接新的机遇，2017年到2021年，海康威视的研发占收入比重分别为7.62%、8.99%、9.51%、10.04%、10.13%，研发投入占比逐年提高。同时，公司加快了向大数据业务的拓展，也加快了创新业务的发展，为了应对挑战，还启动了萤石网络分拆上市的工作。公司可提供包括设备、平台、数据和应用的全面开放能力，为行业应用开发者提供全方位的支持。公司的一体化运维服务平台    提供设备探针，支持第三方感知设备的接入；另外，物信融合数据资源平台，在已提供主流数据接入方式的同时，支持对第三方数据存储管理系统或数据格式的接入；提供的物联数据治理工具支持对多厂商、多类型物联设备的要素治理和点位布建评价；数据服务接口为业务应用的开发提供支撑。   
    AI引领安防智能化变革，公司继续推进创新业务发展：在安防智能化升级趋势下，产业的核心竞争力逐步转变为技术架构以及解决方案的落地能力，拥有深厚技术实力的企业将保持与行业变革同步，技术投入薄弱的小公司进一步淘汰，行业门槛提高，使得产业集中度有望进一步提升，行业格局持续优化。同时，随着人工智能技术的发展，计算机对视频图像的处理技术，将极大的增加视频监控的使用效率和大数据价值的利用率，摄像机采集图像的功能将不再受限于安全防范目的。   
    因此，“人工智能+安防”在帮助客户提升业务效率的同时，也极大程度地拓展了视频技术实现业务管理需求的市场空间。在数据为王的背景下，公司拥有巨量数据资源将在安防智能化变革中拥有绝对天然优势。另外，公司在萤石业务和海康机器人业务盈利，海康汽车电子、海康存储等其他创新业务都对目标市场进行了较大的投入和推动，未来有望和主业形成合力。   
    投资建议：考虑到经济环境的不确定，安防行业的需求尚处于弱复苏阶段，我们调低公司的盈利预测。预计公司2022-2024年归母净利润分别为138.98/180.28/209.20亿元（原值为178.87/225.13/264.78亿元），对应PE为19/15/13倍，公司是全球领先的安防监控产品及内容服务提供商，产品及服务已实现视频监控系统所有主要设备的全覆盖；同时，公司海外市场拓展稳步前行，创新业务渐入佳境将为业绩的稳步增长增添动力。维持公司“推荐”评级。   
    风险提示：1）技术更替风险：随着云计算、大数据、人工智能等技术的不断演进，行业业务和应用需求可能会随之演变。   
    如果不能密切跟踪行业前沿技术的更新和变化，公司未来发展的不确定性将会加大；2）汇率波动风险：公司在海外市场多个不同币种的国家和地区开展经营，汇率风险主要来自以非人民币（美元为主）结算的销售、采购以及融资产生的外币敞口及其汇率波动，可能会影响公司的盈利水平。3）全球市场开拓风险：公司业务覆盖全球150多个国家和地区，如果业务开展所在国出现贸易保护、债务问题、政治冲突等情况，可能对公司的业务发展产生不利影响。"
海康威视(002415)：营收平稳增长 利润短期承压,公司,国元证券股份有限公司,耿军军,2022-11-01,"事件：   
　　公司于2022 年10 月28 日收盘后发布《2022 年第三季度报告》。   
　　点评：   
　　营业收入实现平稳增长，保持高水位存货应对经营环境的不确定性面对外部经营挑战，公司继续坚持稳扎稳打，同时也不断调整适应，努力降低外部不利因素带来的冲击，优化和改善内部管理、提升运营效率，整体情况平稳。前三季度，公司实现营业总收入597.22 亿元，同比增长7.36%；三季度单季实现营业收入224.64 亿元，同比增长3.39%。公司存货继续维持较高水位，以应对经营环境的不确定性，高存货策略将对业务平稳推进提供较大的保障。截至三季度末，公司存货为195.14 亿元，应收、应付款项的周转天数基本平稳。经营性现金流方面，提升备货水平对现金支出有较大影响，公司当前资金充足，将较好的保障经营平稳，支持公司积极实施各方面必要的经营举措。截至三季度末，公司经营性现金流为1.60 亿元。   
　　费用投入致归母净利润承压，公司适时调整策略控制扩张速度公司前三季度实现归母净利润88.40 亿元，同比下降19.38%；三季度单季实现归母净利润30.81 亿元，同比下降31.29%。费用支出方面，与年初相比，公司人数有所增加，费用有一定增长，当前收入端压力较大，费用率被动提升。前三季度，公司销售、管理、研发费用率分别为11.90%、3.24%、12.32%。公司根据整体环境的变化及时调整相关投入策略，三季度已控制进一步的人员扩张，相应费用增长有望减缓。   
　　国内主业短期承压，海外业务与创新业务三季度均保持稳健增长分业务看：1）国内主业：PBG 与去年同期基本持平，其中民生服务与街道、乡村等基层治理业务需求向好，交通管理业务稳健增长；EBG 实现个位数负增长，其中受住宅地产、商业地产整体下行影响，智慧建筑继续负增长，能源冶金行业增长较好；SMBG 7-8 月份销售情况不佳，出现较大的收入缺口，9 月恢复正增长，SMBG 三季度同比负增长21%。2）海外业务：三季度同比增长13%，其中欧洲、北美受通胀影响较大，出现地区性的负增长，对海外整体业务影响较大。拉美、亚洲等地区继续保持较快增长。3）创新业务：三季度同比增长18%，整体增长良好。其中萤石智能家居业务受消费需求疲软的影响较为直接，其他创新业务均保持增长。   
　　盈利预测与投资建议   
　　公司面向全球用户提供以视频为核心的智能物联网解决方案和大数据服务，在技术、产品与解决方案等方面拥有全面优势，成长空间广阔。考虑到前三季度的经营情况，下调公司2022-2024 年营业收入预测至897.14、1085.24、1273.48 亿元，下调归母净利润预测至152.76、190.37、228.16亿元，EPS 为1.62、2.02、2.42 元/股，对应PE 为17.55、14.08、11.75倍。过去五年，公司PE TTM 主要运行在17-47 倍之间，维持公司2022 年30 倍的目标PE，对应的目标价为48.60 元。维持“买入”评级。   
　　风险提示   
　　新冠肺炎疫情反复风险；企业数字化转型的需求释放不及预期风险；海外市场拓展不及预期风险；创新业务发展不及预期风险；行业竞争加剧风险。"
海康威视(002415)：国内主业承压 创新业务和海外市场稳健增长,公司,兴业证券股份有限公司,李双亮/姚康,2022-10-31,"投资要点   
　　公告：公司发布2022 年三季报，前三季度营业收入597.22 亿元，同比增长7.36%；归母净利润88.40 亿元，同比下滑19.38%。其中第三季度营业收入224.64 亿元，同比增长3.39%；归母净利润30.81 亿元，同比下滑31.29%。   
　　国内主业承压，创新业务和海外稳健增长。公司Q3 收入同比增长3.39%，归母净利润同比下滑31.29%。国内主业受疫情防控影响较大，部分项目落地延迟，其中PBG 与去年同期基本持平，EBG 受住宅地产、商业地产整体下行影响，智慧建筑继续负增长，整体出现个位数负增长，SMBG 由于需求疲软及去库存影响，同比下滑21%。海外业务同比增长13%，欧洲、北美受通胀影响较大，出现地区性的负增长，拉美、亚洲等地区继续保持较快增长。创新业务同比增长18%，除萤石智能家居业务受消费需求疲软影响，其他创新业务均保持增长。   
　　需求疲软影响毛利表现，费率同比增加较多。公司Q3 毛利率41.04%，同比降低5.35 个百分点，环比降低1.64 个百分点，主要是高毛利质量业务推迟，同时外部需求疲软时，公司业务选择上也会做一些毛利率相对较低的业务，客户也倾向购买低端产品。   
　　费用方面，Q3 销售、管理、研发费率分别为11.4%、3.3%、11.9%，同比分别增加1.0、0.3、1.9 个百分点，由于收入增速放缓，公司上半年人员仍有一定幅度扩张，费率有较大幅度增加，三季度公司已控制进一步的人员扩张，明年费率有望改善。公司Q3 末存货195.1 亿元，继续维持较高水位，以应对经营环境的不确定性，Q3 经营活动现金流量净额23.2 亿元，较为平稳。   
　　静待国内需求复苏，多维感知+云边融合+物信融合打开成长空间。前三季度国内受宏观环境和疫情反复的影响，三大BG 都受到冲击，展望四季度和明年，随着政府端投入加大和经济逐渐复苏，国内业务有望恢复增长。创新业务也将继续保持快速增长。海外业务方面，我们判断亚洲、拉美等区域将继续保持增长态势，北美和欧洲则面临一定通胀压力。   
　　公司18 年基本完成统一软件架构平台的搭建，19 年持续磨合，逐渐在项目中落地。同时基于对物联感知业务的战略定位，形成在可见光、毫米波、远红外、X 光、声波领域的五条技术主线，构成公司多维感知技术的主架构。   
　　我们认为随着未来行业需求增加，公司响应能力将进一步提升，有望获取更高份额，人均效率也将持续提升，2021 年公司人均创收超过150 万元，2022年收入增速放缓预计有所回落，未来有望回升。   
　　中长期看，公司推动的AI Cloud 云边融合计算架构、物信融合数据架构持续落地，不仅大幅增加原有业务的附加值，而且通过智能物联网与信息网之间的数据交互，也夯实在深度学习、大数据、智能物联网、数据应用等领域的发展基础，不断挖据有助于社会效率提升的新市场、新需求，公司将业务领域定位为“智能物联AloT”，未来伴随智能物联网的发展，公司将继续稳健增长。考虑到国内宏观环境和疫情的影响，以及海外通胀影响，我们下调公司的盈利预测，预计2022-2024 年归母净利润为137.37、170.65、211.19 亿元，对应当前股价（2022 年10 月28 日收盘价）PE 为19.5、15.7、12.7 倍，维持“买入”评级。   
　　风险提示：宏观经济下行；中美贸易恶化；行业竞争加剧。"
海康威视(002415)：宏观环境压力持续,公司,东方证券股份有限公司,蒯剑/李庭旭,2022-10-31,"前三季度营收597.2 亿元，同比增长7%，归母净利润88.4 亿元，同比下降19%。   
    三季度单季营收同比增长3%至224.6 亿元，归母净利润同比下滑31%至30.8 亿元，毛利率为41.0%，仍处于健康水平，净利润的下滑主要因为销售、管理和研发三项费用同比增长8.8 亿元，公司已控制进一步的人员扩张。   
    国内主业受宏观环境影响：三季度部分项目受疫情影响而延迟落地。其中PBG 同比基本持平，民生服务与街道、乡村等基层治理业务需求向好，交通管理业务稳健增长，各类专项债的发行有望助推业务向好；EBG 个位数下滑，智慧建筑受地产不景气影响继续下滑，能源冶金行业增长较好。SMBG 销售在7-8 月较大幅度下滑后在9 月恢复增长，SMBG 三季度同比负增长21%。市场活跃度在10 月略有向好。   
    海外业务维持增长：三季度同比增长13%，海康继续采取一国一策的营销策略。分区域来看，欧洲、北美下滑对海外整体业务影响较大，拉美、亚洲等地区继续保持较快增长，预计海外业务两极分化的状态将会持续，海外收入的区域分布将有所改变。分业务来看，海外以卖产品和硬件为主，新兴市场的项目需求有增长。   
    创新业务增速放缓：三季度同比增长18%，其中萤石受消费需求疲软影响，其他创新业务均保持增长。萤石与机器人子公司的分拆上市进展顺利。   
    我们预测公司22-24 年每股收益分别为1.46、1.81、2.20 元（原22-24 年预测为1.97、2.38、2.81 元，主要下调了市场规模，毛利率，上调了三项费用），维持可比公司22 年26 倍PE 估值水平，对应目标价为37.96 元，维持买入评级。   
    风险提示   
    宏观经济发展不及预期，海外业务发展不及预期，创新业务发展不及预期。"
海康威视(002415)：Q3业务整体运行平稳 利润端短期承压,公司,华安证券股份有限公司,胡杨/傅欣璐,2022-10-30,"公司公告   
    10 月28 日，公司发布2022 年三季度报告，前三季度公司实现营业收入597.22 亿元，同比去年增长7.36%；实现归母净利润88.40 亿元，同比去年减少19.38%；实现扣非后归母净利润85.26 亿元，同比去年减少20.28%。   
    点评   
    疫情影响与市场需求环境疲软，公司利润端短期承压。单三季度公司实现营业收入224.64 亿元（同比+3.39%，环比+8.33%），归母净利润30.81亿元（同比-31.29%，环比-11.34%），扣非归母净利润28.8 亿元（同比-35.61%，环比-16.18%）。在国内经营环境充满挑战，国际地缘政治因素不稳定的背景之下，公司通过优化内部管理与提升运营效率，努力降低外部冲击，实现了收入端的平稳增长。利润端短期承压，公司盈利能力有所下降，三季度毛利率为41.04%（环比-1.64pct），净利率为14.4%（环比-3.55pct）；主要原因是1）去年利润率基数较高，2）下游客户在经济环境影响下保守开支，低端产品比例增长，3）运费产生的财务项调整。   
    国内业务整体基本维持稳定，海外业务与创新业务高增长。国内业务在三季度受到疫情影响，一方面部分项目落地延迟，另一方面部分需求缩紧，国内营收整体与二季度持平。细分来看，民生服务、乡村治理等P端项目，与能源冶金等B 端项目仍实现较为快速的增长，整体需求向好；但与房地产相关的智慧建筑业务、C 端渠道业务等下滑较为明显，有望在未来经济环比好转后有所恢复。海外的发展中国家业务与创新业务仍然增长较为显著，增速维持两位数，主要得益于1）发展中地区如东南亚、拉美等面临成长较为快速的市场需求与低渗透率的市场现状，2）创新业务如机器人、汽车电子等属于高景气赛道，且处于行业发展初期，公司技术实力扎实背景下增长迅速。   
    控制成本费用支出，高库存应对不确定性。公司自年中以来，进一步加强对成本费用的管控，但考虑到公司的长期成长发展，部分的逆向投入仍有序实施。Q3 单季度，公司销售费用、管理费用、研发费用分别增长13.29%、12.81%、22.69%，相比Q2 增速已有所放缓，预计至第四季度，公司将进一步管控人员增长，抵御费用端压力。除此以外，面临国外供应链的不确定性，公司依然采取高水位策略，针对不同原料差异性采购，当前存货周转天数为147 天，公司现金流充足，可以保障业务的平稳发展。   
    回购增强市场信心，长视角下市场空间明朗。公司于9 月15 日发布回购方案公告，拟以不超过40 元/股价格回购股份5000 万股-6250 万股，回    购资金总额20 亿元-25 亿元，以回购方案形式增强市场信心，传达管理层对公司长期稳健发展的观点，维护投资者利益。公司始终维持谨慎务实的经营态度，在费用合理化管控、政府端业务加快落地的基础上，Q4有望实现平稳运作，我们预计公司22 年净利润仍将体现一定的韧性。长期来看，我们认为基于公司在智能物联领域的明确定位，前瞻性的智能感知、AIoT、大数据、云计算等技术积累，全球化业务危中有机、国内高质量发展大方向确立的背景下，公司未来的市场空间依然明朗，看好公司在智能化领域的长期发展优势。   
    投资建议   
    我们预计 2022-2024 年公司归母净利润为 139.87、207.03、253.53 亿元，对应市盈率为18.96、12.81、10.46 倍，维持“买入”评级。   
    风险提示   
    疫情影响下游市场需求；上游原材料成本波动；技术发展不及预期。"
海康威视(002415)季报点评：疫情与全球宏观经济带来业绩压力 修炼内功有望优化经营,公司,国盛证券有限责任公司,刘高畅/郑震湘,2022-10-30,"事件：2022 年10 月28 日晚，公司公布2022 年三季报，2022 年前三季度实现收入597.22 亿元，同比增长7.36%，实现归母净利润88.40 亿元，同比增长-19.38%。   
    疫情影响叠加国内外宏观经济压力，公司海内外业务阶段性承压。1）2022 年，疫情的反复出现给国内宏观经济带来巨大压力，使得大量政府端与企业端需求延后，C端需求出现疲软。与此同时，海外由于通胀等原因，使得欧美市场需求同样出现放缓迹象。国内外宏观经济层面的压力，使得公司海内外业务承受阶段性压力。随着四季度疫情逐步得到控制，我们预计国内三大BG 业务将会出现回暖，带动公司整体业绩走向复苏。   
    维持较高战略存货水位，应对供应链风险。2022 年，由疫情与国际局势带来的一系列挑战，对公司供应链带来冲击，2022Q3 毛利率为41.04%，环比今年二季度有所下降。为应供应链上的不确定性，公司维持较高的战略存货水位，截止2022Q3 公司存货达到195.14 亿元，以保障业务稳健推进。   
    公司面对外部挑战修炼内功，费用率稳中有降，有望优化经营。2022Q2/Q3，公司销售费用率分别为12.36%/11.43%，管理费用率分别为3.23%/3.27%，研发费用率分别为12.57%/11.93%，三季度费用率环比二季度稳中有降，体现出公司对优化内部经营的重视。   
    股权激励目标为收入15%CAGR，体现公司长期稳健增长信心。2021 年10 月7 日公司发布新一轮股权激励，其业绩目标基本与公司2018 年限制性股票激励计划的大体一致（CAGR 从20%调为15%），彰显出公司管理层对长期发展的稳健信心。随着公司拓展产品线、修炼内功，我们认为公司传统业务将维持稳健，创新业务有望拉动公司收入增长，对公司长期稳健增长抱有坚定信心。   
    维持“ 买入” 评级。我们预计公司2022E/23E/24E 分别实现归母净利润134.72/166.82/202.87 亿元，维持“买入”评级。   
    风险提示：国内需求不确定性；贸易关系扰动风险；原材料涨价风险；AI 推进不及预期的风险；创新业务孵化不及预期的风险。"
海康威视(002415)：20-25亿元回购股票彰显信心 创新业务持续快速成长,公司,光大证券股份有限公司,刘凯,2022-09-20,"事件：公司9 月16 日公告，公司拟用自有资金20 亿元~25 亿元，以不超过40元/股的价格，回购公司股票。   
　　点评：   
　　回购股票，彰显公司发展信心。在回购股份价格不超过40 元/股的条件下，按此次回购金额最高限额人民币25 亿元测算，预计回购股份数量不高于6,250 万股，约占公司目前已发行总股本的0.66%；按此次回购资金最低限额人民币20 亿元测算，预计回购股份数量不低于5,000 万股，约占公司目前已发行总股本的0.53%，体现了公司对未来发展前景的坚定信心和对长期价值的高度认可。   
　　国内业务受疫情影响短期承压，创新业务快速增长。2022H1，公司实现营收372.58 亿元，同比+9.9%；实现归母净利润57.59 亿元，同比-11.14%。创新业务实现收入70.08 亿元，同比增长25.62%，占公司营收比重为18.81%。海康威视的智能家居业务、机器人业务均高速发展，创新业务收入占比不断提高，目前创新业务已成为公司重要的增长驱动力。   
　　智能化大趋势下，技术布局+业务沉淀稳定公司龙头地位。近年来，公司统一了软件研发体系，规范了硬件研发流程，软硬件产品开发进入了一个良性互动的循环迭代过程，龙头地位愈加稳固。公司软硬件融合、互为支持，软件需求带动硬件研发、硬件能力带动软件研发，云边融合、物信融合、数智融合，更好地满足了不同客户、不同应用场景的需求。   
　　视频物联迎来增长期，安防龙头脱离传统标签。从2016 年以来，公司底层能力不断提升，计算架构云边融合、数据架构物信融合、软件组件开发、算法通过AI 开放平台支撑，公司中台能力逐步建立。传统安防已向视频物联方向加速转型，行业边界和空间不断拓展，新应用场景能够支撑公司未来长期发展。   
　　投资建议： 考虑到疫情影响，公司业绩短期承压，我们下调2022 年归母净利润为170.1 亿元（下调幅度为12.9%），下调23 年净利润预测为214.6 亿元（下调幅度为6.7%），新增24 年净利润预测246.05 亿元，对应22-24 年PE 分别为16x、13x、11x。我们持续看好公司作为全球安防龙头的市场前景，以及创新业务的成长潜力，同时考虑到公司较低的估值水平，维持“买入”评级。   
　　风险提示：政府投资周期性波动风险，中美贸易摩擦风险，互联网企业介入导致竞争加剧的风险。"
海康威视(002415)：短期波动不改长期趋势 各大业务稳步推进,公司,国泰君安证券股份有限公司,王聪/刘堃/刘校,2022-09-16,"本报告导读：   
    2022年上半年由于疫情防控以及宏观经济波动的影响，公司业绩短期承压，但各大业务线长期成长逻辑清晰，公司有望保持稳定增长态势。   
    投资要点：   
    维持增持评级。受疫情及宏观经济因素的影响，我们下调公司2022-2024 年EPS 预测至1.80（-0.26）/2.29（-0.26）/2.68（-0.13）元，维持2022 年25 倍PE 估值不变，目标价下调至45（5.07）元。   
    业绩符合预期，受疫情及宏观经济影响，业绩短期波动。2022H1 公司实现营收372.58 亿元，同比9.90%，净利润61.38 亿元，同比-10.46%，其中PBG 实现营收69.75 亿元，同比-1.40%； EBG 实现营收68.31 亿元，同比+2.58%； SMBG 实现营收62.86 亿元，同比+3.97%。季度来看，22Q2 实现营收207.36 亿元，同比+4.13%，净利润37.22 亿元，同比-15.79%。受到疫情影响，导致公司业绩短期内出现下滑的情况，但公司长期增长逻辑清晰，业绩有望保持稳定增长。   
    海外、创新业务增长显著，传统业务有望逐渐恢复。公司创新业务22H1 实现营收 70.08 亿元，同比+25.62%，占公司营收比重达到18.81%，境外业务实现营收 96.86 亿元，同比+18.89%。PBG 方面，随着疫情防控工作企稳以及相关经济政策落地，部分业务已经出现好转；EBG 方面，公司积极推动各行业数字化转型，行业需求逐步恢复中；SMBG 方面，公司不断丰富产品品类、拓展收入来源，收入稳步增加。各大业务增长逻辑清晰，短期波动不改公司长期增长趋势。   
    催化剂。萤石网络、机器人上市；下游需求迎来恢复。   
    风险提示。疫情反复；部分业务市场竞争加剧。"
海康威视(002415)：回购彰显信心 坚定看好长期价值,公司,德邦证券股份有限公司,赵伟博,2022-09-16,"事件：公司发布公告，拟以自有资金回购20-25 亿元公司股票，用于依法注销减少注册资本，股价不超过40 元/股，回购股本预计占总股本的0.53%-0.66%。   
    公司集中竞价回购股份，彰显长期发展信心。公司发布公告，拟使用不低于20 亿元、不超过25 亿元的自有资金通过深交所系统以集中竞价方式回购股份，回购价格不超过40 元/股。本次回购数量约为5,000-6,250 万股，占总股本的0.53%-0.66%。公司本次实施回购，将有利于维护公司市场形象，增强投资者信心，促进公司的长远发展。   
    公司安防业务具备强竞争力，份额优势显著。据IHS 数据，在CCTV 和视频监控领域，海康威视的全球市场份额从16.3%增长至19.5%，五年蝉联全球第一。同时公司在网络摄像机、模拟和高清监控摄像机、DVR/NVR、视频编码器等多个细分市场均排名第一，VMS 软件则由第四位上升至第三位。   
    持续投入，加码团队建设，彰显公司向上之决心。尽管为了适当匹配当前经济环境，5 月初开始公司对人员编制的增长速度进行控制，但是公司经营规模继续扩大，新产品和新业务不断增加，整体来看员工人数仍持续增长。预计未来5-10 年公司成长形势较为乐观，主要根据业务发展的需求规划人员，大概率不会为改善短期的财务指标而调整人员。   
    创新业务创造全新增长极，智能化的长期趋势不改。创新业务上半年实现营收70.08 亿元，同比增长25.62%。其中智能家居业务收入19.6 亿（yoy +5%），存储收入7.28 亿（yoy +7%），机器人收入17.66 亿（yoy +45%），热成像收入13.6亿（yoy +32%），汽车电子8.2 亿（yoy +49%），其他创新业务3.69 亿（yoy +64%）。   
    公司持续保持技术研发投入，持续巩固智能技术基础，不断丰富智能设备种类，潜心挖掘智能应用效果，为公司在智能物联领域的稳健发展保驾护航。疫情下公司智能化方案持续在各行各业落地，智能化拉动公司整体营收提速趋势不变。随着中国制造业企业质量改善，自动化程度提高、成本管控能力提升以及技术和装备的投资增加，预计下半年机器人与汽车电子业务增长形势较为乐观。   
    盈利预测与估值：预计2022-2024 年公司收入分别为929/1,124/1,371 亿，归母净利润分别为179/221/274 亿元，对应EPS 为1.90/2.34/2.90 元。维持“买入”   
    评级。   
    风险提示：宏观经济波动带来的不确定性；境外疫情加剧风险；数字化转型相关业务不及预期；创新业务发展不及预期。"
海康威视(002415)：海外市场逐步恢复 创新业务增长亮眼,公司,广发证券股份有限公司,许兴军/王亮/叶秀贤/郇正林,2022-08-17,"公司发布2022 年半年报。2022H1，公司实现营业收入372.58 亿元，同比增长9.9%，归母净利润57.59 亿元，同比下降11.14%，扣非归母净利润56.46 亿元，同比下降9.25%。其中2022Q2，公司实现营业收入207.36 亿元，同比增长4.13%，归母净利润34.75 亿元，同比下降19.41%，扣非归母净利润34.36 亿元，同比下降18.18%。   
    国内主业短期承压，海外及创新业务稳步增长。收入拆分来看，公司2022H1 境内收入255.45 亿元，同比增长4.54%，境外业务收入117.13亿元，同比增长23.72%。境内主业中 PBG/EBG/SMBG 收入同比增速分别为-1.40%/2.58%/3.97%。创新业务收入70.08 亿元，同比增长25.62%，占总收入比重达到18.81%，同比增加2.36pct。其中智能家居/ 机器人/ 热成像/ 汽车电子/ 存储业务收入同比增速分别为4.74%/44.75%/32.21%/49.23%/7.05%。面对上半年国内疫情的严峻形势，海外业务恢复和创新业务成长保障了业绩稳健。   
    供应链影响毛利率略有下降，加大投入保证未来成长。2022H1，公司在国内市场受到疫情影响，海外遭遇负面舆情，在经营面临冲击的同时持续推进公司的稳健发展。22H1 公司主业产品及服务毛利率44.61%，同比下降2.88pct，创新业务毛利率40.25%，同比下降1.39pct。公司持续聚焦技术创新，22H1 研发投入达到46.75 亿元，同比增长20.56%，同时持续在国内外营销网络上加大投入，22H1 销售费用45.37 亿元，同比增加8.25%。   
    盈利预测与投资建议：预计公司2022 年EPS 为1.91 元。参考可比公司估值，公司作为行业龙头，经营稳健，核心竞争力突出，给予公司2023 年20X 的PE 估值，合理价值46.58 元/股，维持“买入”评级。   
    风险提示。疫情后复苏不及预期，国际贸易关系影响等。"
海康威视(002415)：收入符合预期 盈利端更多关注乌云背后的幸福线,公司,东吴证券股份有限公司,张良卫/刘博/鲍娴颖/王紫敬/唐亚辉,2022-08-16,"事件：公司发布2022 年度半年报，2022 年上半年实现营收372.58 亿元、同比增长9.90%；归母净利润57.59 亿元、同比增长-11.14%；扣非后归母净利润同比增长-9.25%。   
    收入略超预期，疫情+供应链+人员费用等因素拖累公司盈利能力表现。   
    根据公司2022 年半年报，2022 年上半年实现营收372.58 亿元、同比增长9.90%，略超市场预期。其中：1）PBG 实现收入69.75 亿元，同比增长-1.40%；2）EBG 实现收入68.31 亿元，同比增长2.58%；3）SMBG实现收入62.86 亿元，同比增长3.97%；4）境外业务实现收入96.86 亿元，同比增长18.89%；5）创新业务实现收入70.08 亿元，同比增长25.62%。总体来看，SMBG 和境外业务进展超预期，PBG 符合预期，EBG 和创新业务进展不达预期。   
    盈利能力方面，一方面受2021 年缺货、涨价等影响毛利率基数偏高的影响，另一方面在疫情冲击和需求较为疲软的环境中，行业内竞争加剧，使得2022 年上半年毛利率为43.14%，同比下降3.16 个百分点。费用方面，人员费用支出+股权激励+创新业务，使得整体费用增长较快。   
    从中报看到乌云背后的幸福线，SDN 随时间推移概率变小、业绩随宏观企稳重回增长在即。   
    1）根据公司公开的交流内容，在过去几个月当中，所有公开和官方渠道获取与SDN 负面舆论相关的信息和反馈都是正面和积极的，我们相信，随着时间的推移，SDN 名单的概率会愈发变小。   
    2）上半年，公司研发投入46.75 亿元，同比增长20.56%，说明在大环境不利的情况下，虽然对公司短期经营造成了扰动，但是并没有对长期发展造成影响。根据公司公开的交流内容，Q3 以来经济在逐步恢复、经营情况边际变好，下半年随着宏观企稳，业绩重回增长值得期待。   
    悲观假设下短期对应3000 亿以上市值，内在和长期价值低估。   
    极度悲观假设下，假设2022 年公司业绩没有任何增长，保守估计给予20 倍PE（历史上ROE 从来没有低于25%），对应短期底部市值为3360亿。长期来看，定制化、碎片化是产业发展的必然方向，稀缺渠道价值显著低估。目前进入碎片化市场的玩家包括安防龙头、科技巨头、AI 算法公司、细分行业龙头，相比其他竞争对手，公司在感知技术、产品硬件、解决方案等方面具有先发优势，但是最重要的差异还是来自于行业理解和场景落地。一方面，销服网络下沉至乡镇，是公司能够深入理解行业、精准把握客户需求痛点的关键；另一方面，产研体系为本，公司将研发和技术支持资源前移，更近距离的接触和服务客户。   
    盈利预测与投资评级：我们维持预计公司22-24 年EPS 分别为2.08、2.51、3.04 元，对应PE 分别为16、13、11 倍，维持“买入”评级。   
    风险提示：安防行业发展不达预期、疫情冲击中小企业经营风险加大等"
海康威视(002415)：持续聚焦技术研发 创新业务助推发展,公司,西南证券股份有限公司,王湘杰,2022-08-16,"业绩总结：公司 2022年上半年营业收入372.58亿元，同比增长9.90%；实现归母净利润57.59 亿元，同比下降11.14%；实现扣非归母净利润56.46 亿元，同比下降9.25%。   
    稳健推进主营业务，2022 年上半年营业收入稳定增长。1）从营收端来看，公司2022 年上半年营业收入同比增长9.90%，主要系公司抓住市场需求，主业产品及服务稳健增长。2）从利润端看，2022年上半年归母净利润同比下降11.14%，主要系期间费用增速快于营收增速。公司毛利率为43.14%，同比下降3.16 个百分点，主要系智能物联产品及服务营业成本同比增长较快，其中建造工程营业成本同比增长149.76%。3）从费用端来看，2022 年上半年销售费用同比增长8.25%，主要系公司持续在国内外营销网络上加大投入；管理费用同比增长36.28%，主要系公司人员规模随业务规模扩张增长；研发费用同比增长20.56%，主要系公司持续加大研发投入。   
    创新业务快速增长，助力公司长期发展。2022 年上半年公司创新业务收入70.08亿元，同比增长25.62%，占公司总营收18.81%。同时创新业务子公司分拆上市工作有序推进，取得新进展，萤石网络获得科创板审核通过，海康机器人分拆上市预案获得公司董事会审议通过。创新业务发展势头良好，未来将打开市场新格局，助力公司长期可持续发展。   
    持续加大研发投入，打造系统能力。长期以来公司强调以研发驱动发展、持续聚焦技术创新，不断丰富物联网智能设备产品线，加强公司系统能力。2022 年上半年，公司研发投入46.75 亿元，同比增长20.56%，未来公司将继续保持技术研发投入，筑牢公司在智能物联领域长期发展的基础。   
    盈利预测与投资建议。预计2022-2024 年EPS 分别为1.95 元、2.37 元、2.86元，未来三年归母净利润将达到17.12%的复合增长率。公司作为智能物联网领域领先厂商，重视研发创新，拥有宽阔的营销网络、先进的制造生产能力及高效的仓储物流系统，考虑到公司保持高水平研发投入，不断丰富完善产品线、大力发展创新业务，预计公司订单量将持续增长，维持“买入”评级。   
    风险提示：创新业务发展不及预期、项目研发不及预期、市场拓展不及预期。"
海康威视(002415)：业绩短期承压 创新业务持续驱动公司发展,公司,太平洋证券股份有限公司,王凌涛/欧佩,2022-08-16,"事件： 8 月13 日，公司发布中报，2022 年上半年实现营业收入372.58亿元，同比增长9.9%，归母净利润57.59 亿元，同比下降11.14%，扣非归母净利润56.46 亿元，同比下降9.25%。2022 年第二季度实现营业收入207.36 亿元，同比增长4.13%，归母净利润34.75 亿元，同比下降19.41%。   
    宏观经济影响，行业竞争加剧，盈利水平有待改善。2022 年上半年国内抗疫形势严峻、全球部分国家/地区发生地缘政治问题，给全球经济发展带来了巨大的挑战。面对外部环境较大的不确定性，公司整体财务表现稳健，利润率波动较大。公司综合毛利率约43.14%，同比下滑3.16 个百分点；净利率为16.48%，同比下滑3.74 个百分点。毛利率方面，主业建造工程毛利率下滑较多，同比下跌11.5 个百分点；其次是主业产品及服务下滑2.88 个百分点；创新业务毛利率下滑较小，约1.39 个百分点。毛利率短期承压较大主要原因，除了会计准则的变化外（2021 年年底开始，运费由销售费用调整为成本），一是因为全球供应链冲击带来的缺货、涨价的影响，二是疫情导致行业竞争加剧。   
    而为应对经营环境的不确定性，保障未来业务的有序推进，公司的库存也达到了较高水位，约206.75 亿元，同比增长37%。未来公司将严格控制存货库龄管理，以降低高库存风险。   
    业务发展需求，费用端增长较大。销售/管理/研发费用分别为45.37 /12.00 / 46.75 亿元，同比+8.25% / +36.28% / +20.56%。报告期内，公司完成了2021 年限制性股票计划的授予，产生了约3.2 亿元的股权激励费用。同时，创新业务的高速发展也是由大量的研发投入所支撑的，包括研发人员的增加和涨薪；公司为了匹配当前经济环境，保持费用端的平稳，5 月初便开始管理控制人员编制的增长速度。公司将持续优化投入与产出的节奏，聚焦主业及重点业务的投资与研发，为未来长远战略布局奠定坚实基础。另外，公司财务费用约-7.85 亿元，同比下降541.07%，主要因为汇率波动而产生的4.9 亿元汇兑收益。   
    境内业务短期承压，境外业务表现良好。境内主业方面，上半年三大事业群PBG / EBG / SMBG 分别实现69.75 / 68.31 / 62.86 亿元，同比变动-1.4% / +2.58% / +3.97%。其中公共服务市场所投入的项目受疫情封城影响较大，项目推进有所减缓；随着疫情逐渐好转，ToB 端和ToG    端的需求和项目推进都将快速恢复增长。相比境内，由于海外较早从疫情管控中开放，经济恢复较快，公司海外业务表现十分强势。其中境外收入约117.13 亿元，同比增长23.72%；境外主业收入96.86 亿元，同比增长18.89%。   
    创新业务部分贡献营业   
    收入70.08 亿元，同比增长25.62%；其营收占比持续攀升，2022 年上半年占营收比重已达18.81%，同比增长2.35 个百分点。其中，ToC 端受经济疲软影响业绩增速放缓，智能家居、智慧存储分别同比增长4.74%和7.05%；而机器人、热成像和汽车电子业务增速远高于C 端业务，分别为44.75%、32.21%和49.23%。随着下半年经济逐渐向好，ToC 和ToB 端的需求回升，有望拉动公司全年业绩复苏。   
    2022 年   
    6 月7 日，海康威视所属子公司萤石网络获得科创板上市审核通过，6月11 日公司再次发布公告拟分拆上市子公司海康机器人，以上两大子公司均属于海康威视创新业务阵营。萤石网络主要产品包括智能家居摄像机、智能入户、智能控制、智能服务机器人等。2019-2021 年，萤石收入分别为 23.64、30.79、42.38 亿元，年复合增速约33.89%；归母净利润分别为 2.11、3.26、4.50 亿元，年复合增速约46.04%。   
    海康机器人主要从事机器视觉和移动机器人的硬件产品和算法软件平台的设计、研发、生产、销售和增值服务。2019-2021 年分别实现营收8.52 亿元、15.52 亿元和27.40 亿元，年复合增速约79.33%，2019-2021 年归母净利润分别为0.3 亿元、0.8 亿元和4.9 亿元，年复合增速约304.15%。以上两大子公司通过分拆上市拓宽其融资渠道，有利于进一步加大智能家居和机器人两大领域的研发投入，提升子公司的专业化经营水平和行业竞争力。更值得一提的是，公司八大创新业务中两大子公司均有机会成功上市，足以证明公司极强大的孵化和培育能力，后续其他细分领域也有望得到全力支持和充分开拓，未来公司成长空间广阔。   
    海康威视面对复杂的外部环境   
    及国内疫情反复的影响，业绩短期承压，但随着下半年国内疫情得到有效控制，经济逐步回暖，公司业绩有望恢复增长，尤其是境内主业三大事业群将快速回升。同时，随着子公司萤石和机器人相继上市，提振了其他创新业务的信心，公司未来将持续推进创新业务的投资布局，在为主业带来技术、业务、供应链等方面更多协同的同时，为公司注入源源不断的增长动能。我们预估公司2022-2024 年净利润分别为170.59 亿元、197.81 亿元和236.42 亿元，当前市值对应估值分别为18.48 倍、15.93 倍和13.33 倍，给予公司增持评级。   
    风险提示：（1）全球疫情持续，宏观经济剧烈波动风险；（2）行业竞争加剧；（3）创新业务拓展不及预期。"
海康威视(002415)：外部因素影响业绩 创新业务打造全新增长极,公司,德邦证券股份有限公司,赵伟博,2022-08-16,"事件:公司发布 2022 年中报,2022 年上半年公司实现收入 372.58 亿元,同比增长 9.9%,实现归母净利润 57.59 亿,同比减少 11.1%。    
    外部环境影响上半年业绩,利润首次下滑。2022 年上半年公司实现收入 372.58亿元,同比增长 9.9%,实现归母净利润 57.59亿,同比减少 11.1%,毛利率 43.14%,同比-3.16pct。其中 2022 年第二季度实现收入 207.36 亿,同比增长 4.1%,归母净利润 34.75 亿,同比减少 19.4%,单季度毛利率 42.68%,同比-3.26pct。整体来看 22Q2 由于疫情影响,需求端受到较大影响。     
    下游需求影响境内市场,境外市场稳健增长。分区域来看,22H1 境内业务实现收入 205.64 亿,同比增长 1.9%,境内主业方面,2022 年上半年三个 BG营收总和200.92 亿元,同比增长 1.58%。境内市场 3、4、5 月遭受疫情的冲击,对业务影响较为直接,6 月有所恢复。其中公共服务事业群 PBG 实现营收 69.75亿元,同比下降 1.40%;企事业事业群 EBG 实现营收 68.31 亿元,同比增长 2.58%;中小企业事业群 SMBG 实现营收 62.86 亿元,同比增长 3.97%。疫情、下游客户支出、行业竞争加剧等多重因素影响了境内业务;22H1 境外业务实现收入 96.86亿,同比增长 18.9%,境外主业整体表现较好。    
    创新业务创造全新增长极,持续关注机器人与汽车电子业务。创新业务上半年实现营收 70.08 亿元,同比增长 25.62%。在疫情影响下,To C 业务如萤石、海康存储的部分市场承受一定压力;其他工业属性较强的业务,增长动力较为强劲。创新业务的快速发展为主业带来技术、业务、供应链等方面更多的协同可能,推动公司整体稳健发展。其中智能家居业务收入 19.6 亿(yoy +5%),存储收入 7.28 亿(yoy+7%),机器人收入 17.66 亿(yoy +45%),热成像收入 13.6 亿(yoy +32%),汽车电子 8.2 亿(yoy +49%),其他创新业务 3.69 亿(yoy +64%),整体看 22年上半年,ToB 类业务增速显著快于 To-C 类业务。随着中国制造业企业质量改善,自动化程度提高、成本管控能力提升以及技术和装备的投资增加,预计下半年机器人与汽车电子业务增长形势较为乐观。总体来看,创新业务定位新兴市场,通过新增产品品类以及更多的新客户导入,得以拥有较好地增长。     
    盈利预测与估值:预计 2022-2024 年公司收入分别为 929/1,124/1,371 亿,归母净利润分别为 179/221/274 亿元,对应 EPS 为 1.90/2.34/2.90 元。维持“买入”  评级。     
    风险提示:宏观经济波动带来的不确定性;境外疫情加剧风险;数字化转型相关业务不及预期;创新业务发展不及预期。"
海康威视(002415)：净利润承压 创新业务打开市场新格局,公司,东方财富证券股份有限公司,方科,2022-08-16,"【投资要点】   
　　2022 年8 月12 日，公司发布2022 年中报，公司上半年实现营业总收入372.58 亿元，同比增长9.9%；实现归母净利润57.59 亿元，同比下降11.1%；每股收益为0.61 元。   
　　疫情下短期净利润承压，持续加大研发投入。上半年公司受国内疫情反复和海外因素的影响，虽然公司营收维持稳健增长，但收入成本同比16.36%，并且随着规模扩大和人员增长，管理费用同比增长36.28%。公司整体毛利率43.14%，较去年同期减少3.16%，其中主业中的建造工程的毛利率下降11.50%，其他业务毛利率小幅下降。面对复杂的外部环境，公司实行稳健经营。第一，加大研发投入，保持技术上的创新。上半年公司研发投入46.75亿元，占营业收入的12.55%，同比增长20.56%，聚焦技术创新，巩固智能技术，丰富智能设备，为拓展智能网联领域夯实基础。第二，优化管理和运营能力，加强库存管理。报告期，公司的存货水平206.75 亿元，同比增长2.4%。继续保持战略备货水位，保障业务稳健推进。   
　　主业营收增速放缓，创新业务打开市场新格局。从营业收入的构成来看，境内主业PBG、EBG、SMBG 收入分别为69.75、68.31、62.86 亿元，同比分别为-1.40%、2.58%、3，97%。境外业务复苏较为明显，上半年公司境外主业收入96.86 亿元，同比增长18.89%。创新业务保持快速发展，打开市场新格局。上半年创新业务整体收入70.08 亿元，同比增长25.62%，占公司营业收入比重达到了18.81%，成为公司长期持续发展的动力。   
　　【投资建议】   
　　我们看好公司在智能物联领域的技术能力和产品布局。通过智能物联赋能千行百业，公司有望成为企业数字化转型中的重要参与者。此外，不断壮大规模的创新业务成为公司长期可持续发展的新动力。上半年公司业务受国内疫情影响，下半年有望受益于经济复苏，但是国内外不确定因素较多，我们下调之前的盈利预测，预计公司2022-2024年营业收入为934.69、110.81、131.94亿元，归属于母公司净利润为179.11、214.42、262.99亿元，EPS为1.90、2.27、2.79元，对应PE为17.60、14.70、11.98倍，维持“增持”评级。   
　　【风险提示】   
　　疫情反复影响下游需求；   
　　公司海外业务存在不确定性；   
　　数字化转型的相关业务不及预期。"
海康威视(002415)：营收稳健增长 海外和创新业务可期,公司,东兴证券股份有限公司,孙业亮/刘蒙/张永嘉,2022-08-15,"事件：2022 年8 月13 日，公司发布半年度业绩报告，报告期内，公司实现营业总收入372.58 亿元，同比增长9.90%；实现归母净利润57.59 亿元，同比下降11.14%。   
　　主营稳健增长，创新业务增势迅猛。报告期内，公司主业业务实现收入302.50亿元，营收占比81.19%，同比增长6.8%；创新业务实现收入70.08 亿元，营收占比18.81%，同比增长25.62%。分地域来看，境内实现营业收入255.45亿元，营收占比68.56%，同比增长4.54%；境外实现营业收入117.13 亿元，同比增长31.44%。从收入端来看，1）公司主业稳健增长，2022 年H1 公司虽然国内遭受疫情挑战、海外遭遇负面舆情及外部政治形势变化等不利影响，但依然聚焦主业，发挥自身技术、产品、方案等优势，稳健发展，伴随宏观形势驱稳，未来相关业务有望保持稳健发展。2）海外业务及创新业务增势迅猛，系公司主要增长动力。海外经济活动逐步摆脱疫情影响，公司在海外有较为广泛的业务布局，因此可以在不利的海外环境下维持较好增长，未来一些发展中国家地区如亚太、拉美等政治环境较为友好，仍为公司重点拓展的海外区域业务。创新业务中机器人、汽车电子、热成像等业务工业属性较强，增势迅猛，且未来在数字经济、智能制造等大趋势下仍有较好发展空间和持续性，创新业务的快速发展为主业带来技术、业务、供应链等方面的协同可能，有望推动公司整体稳健发展。旗下萤石、机器人子公司稳步推进上市步伐，萤石网络于科创板上市申请已审核通过，机器人分拆上市预案获得公司董事会审议通过。   
　　积极应对外部冲击，稳住长期向好趋势。2022H1 公司净利润下滑明显，在营收实现正向增长同时，净利润同比下降。主要原因为由于缺货、涨价等上游因素导致的成本增长，以及在行业景气度下滑时导致的竞争趋紧。面对以上外部冲击，公司积极应对，一方面提高备货水平，以应对上游缺货、涨价的冲击，2022H1 公司存货达206.75 亿元，同比增长36.97%，经营活动现金流净额为-21.58 亿元，同比减少209.97%，主要系采购备货支出增加；另一方面加大研发及国内外营销网络的投入，报告期内研发投入46.75 亿元，同比增长20.56%，销售及管理费用总计57.37 亿元，同比增长13.13%。公司聚焦技术创新、丰富产品线，夯实公司长期发展实力的同时，灵活调整人员计划，根据业务发展需求规划人员增长，以更好地维持自身市场份额。未来伴随外部风险逐步释放，公司盈利有望回归正常水平，不改长期向好趋势。   
　　公司盈利预测及投资评级：公司积极应对外部风险带来的冲击影响，整体业务稳步推进，成本及运营风险控制得当，未来伴随风险逐步缓释公司恢复正常经营水平，但考虑到短期仍受风险因素扰动，我们下调公司2022-2024 年净利润分别至为145.96、174.13 和205.24 亿元，对应EPS 分别为1.56、1.87 和2.20 元。当前股价对应2022-2024 年PE 值分别为20、17 和14 倍，维持“推荐”评级。   
　　风险提示：业务拓展不及预期风险，海外政治环境恶化风险，竞争加剧风险。"
海康威视(002415)：中报净利首次下降 宏观影响大于预期,公司,华泰证券股份有限公司,黄乐平,2022-08-15,"宏观影响大于预期，中报净利首次下降   
　　海康2Q22 收入同比增长4%；归母净利润同比下降19%，低于华泰预期29%。自2010 年上市以来首次出现中报净利润下降。业绩反映受疫情防控及地方财政紧张影响，政府、地产及金融等主要行业在安防及数字化转型上的支出出现较大幅度收缩。长期，我们认为海康管理团队能够很快调整产品和业务结构，找到逆全球化下稳健增长的路径。短期虽然国内疫情相对Q2有所好转，但社融、PMI 等宏观指标显示经济增速依旧乏力。我们下调22/23/24 归母净利润预测至161/181/206 亿元，预计海康2H22 利润同比持平，总体弱复苏。我们下调目标价28.3%至50.00 元，基于29.4x 22E PE（可比公司33.8x 22E PE，考虑到公司PBG 和EBG 受宏观不利因素影响严重）。由于公司目前估值具备吸引力（22E PE：19.6x），维持“买入”评级。   
　　2Q22 回顾：PBG 业务推进放缓，EBG 业务需求疲软受疫情反复和经济增速放缓等因素的影响，1H22 海康境内业务仅实现收入255 亿元，同比增长4.5%，其中：1）PBG：营收70 亿元，同比下降1.4%（vs 过去三年同期平均增长：12.1%），反映受疫情防控及地方财政紧张影响，项目推进放缓；2）EBG：营收68 亿元，同比增长2.6%（vs 过去三年同期平均增长：21.1%），主要受部分地产项目停工和企业采购延期的影响。   
　　随着海外疫情的好转，境外业务在拉美和亚太等新兴市场则取得不错进展；1H22 公司境外业务营收117 亿元，同比增长23.7%，成为主要增长来源。   
　　2H22 展望：宏观不确定性依旧存在，境内业务或将仅实现微弱修复虽然目前国内疫情相对二季度有所好转，公司的境内业务也有所恢复；但考虑到疫情反复的风险仍然存在，且社融、PMI 等宏观经济指标显示经济增速依旧乏力，我们预计2H22：1）公司PBG 业务和EBG 业务或将略有恢复，分别实现4.0%和5.0%的收入增长；2）疫情冲击和需求疲软导致行业竞争加剧，公司毛利率或将持续走低（2H22E 毛利率：42.0%，环比下降1.1pp）；3）业绩或将和2H21 持平（2H22E 归母净利润：103 亿元），总体弱复苏。   
　　下调目标价至50.00 元，维持“买入”评级   
　　考虑到国内疫情反弹和经济增速趋缓，公司PBG 和EBG 增速承压，我们下调22/23/24 收入预测至878/983/1100 亿元（前值：969/1152/1366 亿元），下调归母净利润预测至161/181/206 亿元（前值：203/239/280 亿元）。我们下调目标价28.3%至50.00 元，基于29.4x 22E PE；我们看好海康多元发展的业务模式，有利于实现长期的稳定增长，维持“买入”评级。   
　　风险提示：海外市场政策和疫情风险；部分智能化市场竞争激烈。"
海康威视(002415)2022年半年度报告点评：营业收入稳健增长 创新业务发展良好,公司,国元证券股份有限公司,耿军军,2022-08-15,"事件：   
    公司于2022 年8 月12 日收盘后发布《2022 年半年度报告》。   
    点评：   
    上半年公司努力保障业务稳健开展，营业收入同比增长9.90%2022 年上半年，防疫抗疫的严峻形势对国内经济带来持续挑战，公司快速跟进市场需求，努力保障业务稳健开展，实现营业总收入372.58 亿元，同比增长9.90%；实现归母净利润57.59 亿元，同比下降11.14%。面对外部政治经济形势变化带来的不确定性，公司保持战略备货水位，保障业务稳健推进，存货为206.75 亿元。费用方面，公司销售、管理、研发费用分别为45.37、12.00、46.75 亿元，同比增速分别为8.25%、36.28%、20.56%。   
    公司将继续保持技术研发投入，巩固智能技术基础，不断丰富智能设备种类，潜心挖掘智能应用效果，为公司在智能物联领域的稳健发展保驾护航。   
    创新业务发展势头良好，子公司分拆上市工作稳步有序推进1）境内主业：PBG 实现收入69.75 亿元，同比下降1.40%；EBG 实现收入68.31 亿元，同比增长2.58%；SMBG 实现收入62.86 亿元，同比增长3.97%；其他主业产品与服务实现收入4.72 亿元，同比增长18.59%。2）境外主业：实现收入96.86 亿元，同比增长18.89%。3）创新业务：实现收入70.08 亿元，同比增长25.62%，占公司营收比重达到18.81%。萤石网络首次公开发行股票并在科创板上市申请获上海证券交易所科创板上市委员会审核通过；海康机器人分拆上市预案获得公司董事会审议通过。本次分拆完成后，海康机器人仍为公司控股子公司。通过本次分拆，公司将海康机器人打造成为公司下属从事机器视觉和移动机器人业务的独立上市平台，并充分借力资本市场进一步加大海康机器人在机器视觉和移动机器人领域的研发投入，提升海康机器人盈利能力和综合竞争力。   
    拟增加经营范围“商用密码产品生产；网络与信息安全软件开发”   
    公司于2022 年8 月12 日召开第五届董事会第十二次会议，审议通过了《关于变更经营范围并修订公司章程的议案》，同意公司变更经营范围，并授权经营层办理工商登记等相关事宜；同时，相应对《公司章程》的第十三条内容进行修订。根据公司战略发展及实际业务拓展需要，公司将在经营范围中增加“商用密码产品生产；网络与信息安全软件开发”。   
    盈利预测与投资建议   
    公司面向全球用户提供以视频为核心的智能物联网解决方案和大数据服务，在技术、产品与解决方案等方面拥有全面优势，成长空间广阔。考虑到上半年业绩承压，下调公司2022-2024 年营业收入预测至932.27、1130.65、1328.73 亿元，下调归母净利润预测至180.49、218.83、258.84 亿元，EPS为1.91、2.32、2.74 元/股，对应PE 为17.46、14.40、12.18 倍。过去五年，公司PE TTM 主要运行在20-50 倍之间，维持公司2022 年30 倍的目标PE，对应的目标价为57.30 元。维持“买入”评级。   
    风险提示   
    新冠肺炎疫情反复的风险；企业数字化转型的需求释放不及预期；海外市场拓展不及预期；创新业务发展不及预期；行业竞争加剧。"
海康威视(002415)：利润端短期承压 创新业务及海外业务贡献业绩,公司,安信证券股份有限公司,马良/程宇婷,2022-08-15,"事件： 8 月12 日晚，公司发布2022 年半年度报告，2022 年上半年公司实现营业收入372.58 亿元，同比增长9.90%；实现归母净利润57.59亿元，同比下降11.14%；实现扣非归母净利润56.46 亿元，同比下降9.25%。   
　　营收表现符合预期，利润端短期承压：根据中报，Q2 单季度营收为207.36 亿元，YoY+4.13%，QoQ+25.51%；归母净利润34.75 亿元，YoY-19.41%，QoQ+52.14%。毛利率为43.14%，同比减少3.16pct。我们认为，在上半年疫情反复需求端疲软以及逆全球化趋势加速等宏观因素影响下，营收符合预期，利润端承压主要原因系公司持续增加国内外营销网络投入、人员扩张以及加大研发投入，导致销售、管理和研发费用增加等。毛利率下滑主要由于需求端疲软导致市场竞争加剧、去年利润率基数较高等。公司采用高库存战略以保障经营稳定性，根据中报数据，2022 年上半年公司存货金额达206.75 亿元，同比增长36.97％，经营性现金流-21.58 亿元，同比下降209.97％。费用端：1）销售费用45.37 亿元，YoY+8.25%；2）管理费用12.00 亿元，YoY+36.28%，管理费用大幅上升主要系公司业务规模扩张以及人员增长所致；3）研发费用46.75 亿元，YoY+20.56%，公司保持技术研发投入，巩固发展智能技术。随着疫情影响的降低以及宏观经济逐步改善，公司盈利能力中长期向好。   
　　创新业务及海外业务高增长，拉动业绩增长：公司创新业务动能强劲，根据中报，公司创新业务实现营收70.08 亿元，YoY+25.62％，占公司营收比例18.81％。智能家居、存储业务受需求端疲软影响增速放缓；To B 类机器人、汽车电子业务增长亮眼，同比增速均超40%。创新业务子公司萤石网络科创板上市申请已获上海证交所科创板上市委员会审核通过，海康机器人分拆上市预案通过公司董事会审议，提升创新业务盈利能力。海外业务由于境外疫情影响消退，业务增长向好，境外业务实现营收96.86 亿元，同比增长18.89%，公司积极开拓境外业务，产品具有性价比优势，部分地区业务有望持续贡献新增量。   
　　三大事业部稳健经营，下半年有望复苏：22H1 国内市场受疫情影响，政府端项目推进速度放缓，企业端受宏观经济影响需求端疲软，公司国内主业三大事业部经营稳健，合计实现营收200.92 亿元，同比增长1.58％。PBG、EBG 和SMBG 分别实现营收69.75/68.31/62.86 亿元，同比增速为-1.40％/+2.58％/+3.97％。随着下半年经济复苏、疫情冲击减弱，公司主业有望通过项目加速落地、需求端复苏以及内部产品创新等因素逐步增长。   
　　投资建议：我们预计公司2022 年-2024 年营业收入分别920.13 亿元、1075.35 亿元、1295.69 亿元，归母净利润为173.48 亿元、207.71亿元、248.26 亿元，EPS 为1.84、2.20、2.63 元/股，对应PE 为18倍、15 倍、13 倍，维持买入-A 的投资评级。   
　　风险提示：全球新冠疫情风险；宏观经济下行风险；地缘政治环境风险；全球经营风险；供应链风险；汇率波动风险；技术更新换代风险。"
海康威视(002415)：海外业务韧性十足 创新业务打开新格局,公司,国信证券股份有限公司,胡剑/胡慧,2022-08-15,"1H22 受疫情等因素影响，公司业绩短期承压。1H22 公司实现营收372.58 亿元(YoY +9.90%)，归母净利润57.59 亿元(YoY -11.14%)，扣非归母净利润56.46 亿元(YoY -9.25%)，毛利率43.14%(YoY -3.16pct)。2Q22 单季度营收207.36 亿元(YoY +4.13%)，归母净利润34.75 亿元(YoY -19.41%)，扣非归母净利润34.36 亿元(YoY -18.18%)，毛利率42.68% (YoY -3.26pct，QoQ-1.04pct)。上半年由于国内市场受疫情影响，境外遭遇负面舆情，公司业绩阶段性承压。   
    海外业务韧性十足，三大BG 业务阶段性承压。通过在海外多地区业务布局进行调整加之需求恢复，1H22 公司海外业务实现收入117.12 亿元（YoY+23.72）。而国内业务受疫情影响，PBG、EBG 部分需求后延，1H22 PBG 业务营收69.75 亿元(YoY-1.40%)，EBG 业务营收68.31 亿元(YoY +2.58%)，SMBG业务营收62.86 亿元(YoY +3.97%)；公司预计随疫情恢复需求改善，下半年国内业务将逐步修复。   
    机器人、汽车电子高增长，创新业务打开市场新格局。1H22 公司创新业务实现营收70.08 亿元(占比18.81%，YoY+25.62%)，其中智能家居营收19.60 亿元(占比5.26% ，YoY +4.74%)，机器人营收17.66 亿元(占比4.74%，YoY+44.75%)，热成像营收13.60 亿元(占比3.65%，YoY +32.21%)， 汽车电子营收8.24 亿元(占比2.21%，YoY +49.23%)，存储业务7.28 亿元(占比1.95%，YoY +7.05%)。除智能家居、存储业务受C 端需求下滑增速放缓外，以机器人、汽车电子为代表的创新业务成长迅速，为公司发展不断注入新动力。   
    持续增加研发投入，稳健经营应对挑战。公司1H22 研发投入46.75 亿元（YoY+20.56%), 在外部环境不确定性增加背景下，公司不断进行内部优化，聚焦智能物联领域技术创新，丰富产品线，打造系统能力，夯实发展基础。此外，为应对供应链波动，截至1H22公司库存207 亿元（YoY+36.97%，QoQ +11.76%），保持战略备货水位，以保证产品稳定交付，增强公司周期平滑能力。   
    投资建议：公司海外及创新业务韧性十足，维持“买入”评级。   
    我们看好海康在AIoT 时代，持续优化软硬件体系、构建开放生态平台的能力，预计22-24 年营收936/1122/1333 亿元，归母净利润183.6/222.5 /271.5亿元，当前股价对应PE 分别为17/14/12x，维持“买入”评级。   
    风险提示：国内需求不及预期，创新业务拓展不及预期。"
海康威视(002415)：三大BG短期承压 海外和创新业务表现强劲,公司,华创证券有限责任公司,王文龙,2022-08-15,"事项：   
　　公司发布2022 年H1 业绩：2022 年H1 营业收入372.6 亿元，同比增长10%，归母净利润57.6 亿元，同比减少11%；扣非净利润56.5 亿元，同比减少9%。   
　　22 年Q2 实现营业收入207.4 亿元，同比增长4%；归母净利34.8 亿元，同比减少19%；归母扣非净利润34.4 亿元，同比减少18%。   
　　评论：   
　　海外业务和创新业务依旧增长强劲。上半年公司海外业务和创新业务增长依旧较为强劲，其中：境外业务实现营收117.1 亿元，同比增长24%，其中境外主业实现营收96.9 亿元，同比增长19%，主要得益于海外市场对视频和物联网设备的需求持续释放，公司凭借较强竞争力获得较好的增长。创新业务整体收入70.1 亿元，同比增长26%，占公司营收比重达到18.81%（21H1 为16.46%），创新业务发展势头良好，为公司长期可持续发展不断注入新动力。结构来看，智能家居和存储业务等to c 业务增速略有放缓，增速分别为5%、7%，但机器人、汽车电子、热成像等具备工业属性的to b 业务仍保持强劲增长，同比增速分别为 45%、49%、64%。   
　　三大BG 上半年暂时承压。2022 年上半年国内防疫形势对国内经济带来持续挑战，造成公司三大BG 业务短期承压，PBG、EBG、SMBG 营收分别为69.8、68.3、62.9 亿元，同比-1%、3%、4%，其中EBG 中工商业企业增速有所下滑，但能源冶金等行业增长较好。随着6 月后防疫形势逐步好转，我们预计公司三大BG 业务有望回暖，带动公司整体回归稳健增长。   
　　持续加大研发创新，加强内部运营管理。针对智能物联领域行业需求碎片化的特征，公司持继续加大研发投入来丰富智能产品线，打造系统能力，夯实长期可持续发展的基础。2022 年上半年，公司研发投入46.75 亿元，同比增长20.56%。内部运营管理上，公司在组织体系、流程变革上不断优化，提升运营能力和运营效率。   
　　投资建议：海外、创新业务强劲增长持续，三大BG 业务市场下半年有望回暖。   
　　我们预计22~24 年的收入增速分别为17.5%，18.4%，18.3%，收入分别为956.3亿，1132.1 亿，1339.5 亿元，22~24 年的归母净利润分别为197.2 亿，234.3 亿，279.6 亿。EPS 分别为2.09/2.48/2.96 元/股。以22 年8 月13 日收盘价计算市盈率分别为16/13/11 倍。维持目标价52.25 元/股不变，对应22 年25 倍PE，维持“强推”评级。   
　　风险提示：法律合规风险；汇率波动风险；全球经营风险。"
海康威视(002415)：业绩短期承压 创新业务初现峥嵘,公司,民生证券股份有限公司,吕伟,2022-08-14,"事件：2022 年8 月12 日，公司发布2022 年半年度报告。2022 上半年，公司实现营业总收入372.58 亿元，同比增长9.90%；实现归母净利润57.59 亿元，同比下降11.14%；实现扣非净利润56.46 亿元，同比下降9.25%。   
　　疫情反复映射至利润短期承压。22 年H1，受疫情反复和逆全球化趋势加剧，公司通过对外争取更好的满足用户需求，对内夯实管理工作聚焦能力成长，实现整体经营稳健。分业务来看：1）PBG 首次出现营收同比下降，PBG 业务同比下降1.40%，EBG 业务同比增长2.58%，SMBG 增长3.97%；2）创新业务和海外业务构建业绩增长主体，创新业务板块上半年同比增长25.62%，海外主营业务收入增速达到18.89%，To C 业务如萤石、海康存储的部分市场承压；其他工业属性较强的业务，增长动力较为强劲。   
　　加大研发投入，把握AIoT 时代战略机遇。公司持续加大研发力度，22 年H1，研发投入共计46.75 亿元，同比增长20.56%，占上半年营收的12.55%，研发费用占比相较2021 年提升2.42pct。未来公司将持续扩大研发投入，致力于发展碎片化场景落地能力，加速创新业务孵化进度，不断突破业务边界，在AIoT 时代战略机遇期，稳固全球科技龙头地位。   
　　创新业务稳健发展，分拆上市有序推进。22 年H1，创新业务整体收入70.08亿元，同比增长25.62%，占公司营收比重进一步扩大，达到18.81%，其中机器人、热成像、汽车电子业务维持超30%高增长。萤石网络首次公开发行股票并在科创板上市申请获上海证券交易所科创板上市委员会审核通过，机器人分拆上市预案获得公司董事会审议通过，创新业务子公司分拆上市工作稳步有序推进，公司孵化创新业务能力进一步得到印证。公司在智能家居以及机器人赛道的不断深入布局，以及红外热成像、汽车电子等领域的孵化潜力，将助力公司长期可持续发展，推动公司业绩新增长。   
　　投资建议：公司是目前全球科技巨头中，通过主动架构变革来适应AloT 时代碎片化特性的公司，将率先享受智能化时代多场景下创新业务百花齐放的红利，受疫情和逆全球化趋势继续加剧，对于覆盖超过150 个国家和地区的海康威视造成一定的压制，对应调整盈利预测，预计公司2022-2024 年归母净利润为185.25/213.47/258.44 亿元，对应PE 分别为17X/15X/12X。维持“推荐”评级。   
　　风险提示：疫情反复有可能导致全球经营风险和供应链风险；海外贸易风险；新产品市场进展不及预期；分拆上市不及预期。"
海康威视(002415)：短期业绩承压 创新业务和海外稳健增长 静待下半年回升,公司,兴业证券股份有限公司,李双亮/姚康,2022-08-14,"投资要点   
    公告：公司发布2022 年中报，2022 年上半年实现营业收入372.58 亿元，同比增长9.90%；归母净利润57.59 亿元，同比下滑11.14%。其中第二季度营业收入207.36 亿元，同比增长4.13%；归母净利润34.75 亿元，同比减少19.41%。   
    国内宏观和疫情拖累业绩，创新业务和海外保持稳健增长。公司Q2 收入同比增长4.13%，归母净利润同比下滑19.41%，主要受国内宏观环境和疫情反复的影响。上半年国内收入255.4 亿元，同比增长4.5%，分BG 来看，由于地方政府较多精力投入在疫情防控上，项目推进较慢，PBG 收入69.8亿元，同比下滑1.4%；受地产行业影响，EBG 收入68.3 亿元，同比增长2.6%；中小企业用户受疫情影响，SMBG 收入62.9 亿元，同比增长4%。   
    上半年海外大部分地区从疫情中恢复正常，公司海外收入117.1 亿元，同比增长23.7%。   
    公司上半年创新业务收入70.1 亿元，同比增长25.6%，创新业务占比达到18.8%，成为公司的重要增长点。其中机器人、热成像、汽车电子业务工业属性较强，收入分别达到17.7、13.6、8.2 亿元，分别同比增长44.8%、32.2%、49.2%；萤石和存储业务属于To C 业务，受到消费低迷的影响，上半年收入分别为19.6、7.3 亿元，分别同比增长4.7%、7.1%。   
    竞争加剧和收入增长放缓影响盈利能力，未来有望改善。公司Q2 毛利率42.68%，同比降低3.26 个百分点，环比降低1.04 个百分点，主要受竞争加剧的影响。上半年主业产品和服务毛利率44.61%，同比降低2.88 个百分点，创新业务毛利率40.25%，同比降低1.39 个百分点。   
    费用方面，上半年销售、管理、研发费率分别同比增加-0.19、0.62、1.11 个百分点，销售收入增长放缓情况下，费率有所增加（考虑到运费从销售费用调整至营业成本，销售费率也是增加），其中Q2 销售、管理、研发费率分别同比增加0.29、0.84、1.58 个百分点，增加较为明显，由于汇兑收益，Q2 财务费用比去年同期减少7.7 亿元，公司5 月初开始对人员编制的增长速度进行控制，未来随着收入恢复增长，费率有望改善。Q2 末库存206.75 亿元，继续维持较高水平，以应对经营环境的不确定性。   
    下半年有望回升，多维感知+云边融合+物信融合打开成长空间。上半年国内受宏观环境和疫情反复的影响，三大BG 都受到冲击，下半年随着稳经济相关政策推进和疫情得到控制，国内业务有望恢复增长。创新业务也将继续保持快速增长。公司海外基本盘稳固，在亚洲、中东、拉美等区域的国家加大投入力度，将继续保持稳健增长。   
    公司18 年基本完成统一软件架构平台的搭建，19 年持续磨合，逐渐在项目中落地。同时基于对物联感知业务的战略定位，形成在可见光、毫米波、远红外、X 光、声波领域的五条技术主线，构成公司多维感知技术的主架构。   
    我们认为随着未来行业需求增加，公司响应能力将进一步提升，有望获取更高份额，人均效率也将持续提升，2021 年公司人均创收继续回升，超过150万元，未来有望持续。   
    中长期看，公司推动的AI Cloud 云边融合计算架构、物信融合数据架构持续落地，不仅大幅增加原有业务的附加值，而且通过智能物联网与信息网之间的数据交互，也夯实在深度学习、大数据、智能物联网、数据应用等领域的发展基础，不断挖据有助于社会效率提升的新市场、新需求，公司将业务领域定位为“智能物联AloT”，未来伴随智能物联网的发展，公司将继续快速成长。考虑到国内宏观环境和疫情的影响，我们下调公司的盈利预测，预计2022-2024 年归母净利润为173.6、203.6、244.5 亿元，对应当前股价（2022年8 月12 日收盘价）PE 为18.2、15.5、12.9 倍，维持“买入”评级。   
    风险提示：宏观经济下行；中美关系恶化；竞争格局加剧。"
海康威视(002415)：短期业绩承压 继续推进创新业务发展,公司,平安证券股份有限公司,徐勇/付强/张晶,2022-08-14,"事项：   
    公司公布2022 年半年报，2022 年上半年公司实现营收372.58 亿元（9.9%YoY），归属上市公司股东净利润57.59 亿元（-11.14% YoY），扣非后归属上市公司股东净利润56.46 亿元（-9.25% YoY）。   
    平安观点：   
    短期业绩承压，创新业务表现较好：2022 年上半年公司实现营收372.58亿元（9.9% YoY），归属上市公司股东净利润57.59 亿元（-11.14% YoY），扣非后归属上市公司股东净利润56.46 亿元（-9.25% YoY）。2022 年上半年公司整体毛利率和净利率分别是43.14%（-3.16pct YoY）和16.48%（-3.74pct YoY），毛利率下降主要是受到上游原材料成本上涨影响。1）境内业务部分：公共服务事业群PBG 营收是69.75 亿元，同比下滑1.4%；企事业事业群EBG 的收入是68.31 亿元，同比增长2.58%；中小企业事业群SMBG 收入62.86 亿元，同比增长3.97%。在复杂的经济环境下，下游安防需求疲软，但公司的三大事业群收入也表现较强的韧性。2）境外业务部分：公司在境外实现收入是96.86 亿元，同比增长18.89%，截至2021 年底公司已在国际及港澳台地区设立66 个分支机构，为150 多个地区提供本地化服务。3）创新业务表现较好：目前创新业务阵营包括萤石网络、海康机器人、海康微影、海康汽车电子、海康存储、海康消防、海康睿影、海康慧影等（包括智能家居、机器人、热成像、汽车电子等产品）。公司积累的技术储备与不断生长的业务触角，为创新性的业务开拓提供了良好的土壤，公司创新业务实现收入是70.08 亿元，同比增长25.62%。费用端：2022 年上半年公司财务费用率、销售费用率、管理费用率和研发费用率分别为-2.11%（-1.75pct YoY）、12.18%（-0.18pct YoY）、3.22%（0.62pct YoY）和12.55%（+1.11pct YoY）。在硬件产品方面，公司继续加强感知技术的研究，继续提升产品系统的设计能力；依托AI、云计算等技术，升级产品包解决方案，打造产品综合竞争力。   
    强化技术创新，开放生态赋能体系全面形成：技术创新是公司生存和发展的最主要经营手段。为了应对各种挑战，也为了迎接新的机遇，2017 年到2021 年，海康威视的研发占收入比重分别为 7.62%、8.99%、9.51%、10.04%、10.13%。2022 年上半年，公司研发投入46.75 亿元，同比增长20.56%，占营收比重达到12.55%，研发投入占比逐年提高。同时，公司加快了向大数据业务的拓展，也加快了创新业务的发展，为了应对挑战，还启动了萤石网络分拆上市的工作。公司可提供包括设备、平台、数据和应用的全面开放能力，为行业应用开发者提供全方位的支持。公司的一体化运维服务平台，提供设备探针，支持第三方感知设备的接入；另外，物信融合数据资源平台，在已提供主流数据接入方式的同时，支持对第三方数据存储管理系统或数据格式的接入；提供的物联数据治理工具支持对多厂商、多类型物联设备的要素治理和点位布建评价；数据服务接口为业务应用的开发提供支撑。   
    AI 引领安防智能化变革，公司继续推进创新业务发展：在安防智能化升级趋势下，产业的核心竞争力逐步转变为技术架构以及解决方案的落地能力，拥有深厚技术实力的企业将保持与行业变革同步，技术投入薄弱的小公司进一步淘汰，行业门槛提高，使得产业集中度有望进一步提升，行业格局持续优化。同时，随着人工智能技术的发展，计算机对视频图像的处理技术，将极大的增加视频监控的使用效率和大数据价值的利用率，摄像机采集图像的功能将不再受限于安全防范目的。因此，“人工智能+ 安防”在帮助客户提升业务效率的同时，也极大程度地拓展了视频技术实现业务管理需求的市场空间。在数据为王的背景下，公司拥有巨量数据资源将在安防智能化变革中拥有绝对天然优势。另外，公司在萤石业务和海康机器人业务盈利，海康汽车电子、海康存储等其他创新业务都对目标市场进行了较大的投入和推动，未来有望和主业形成合力。   
    投资建议：考虑到经济环境的不确定，安防行业的需求尚处于弱复苏阶段，我们调低公司的盈利预测。预计公司2022-2024年归母净利润分别为178.87/225.13/264.78 亿元（原值为201.53/237.24/279.25 亿元），对应PE 为18/14/12 倍，公司是全球领先的安防监控产品及内容服务提供商，产品及服务已实现视频监控系统所有主要设备的全覆盖；同时，公司海外市场拓展稳步前行，创新业务渐入佳境将为业绩的稳步增长增添动力。维持公司“推荐”评级。   
    风险提示：1）技术更替风险：随着云计算、大数据、人工智能等技术的不断演进，行业业务和应用需求可能会随之演变。如果不能密切跟踪行业前沿技术的更新和变化，公司未来发展的不确定性将会加大；2）汇率波动风险：公司在海外市场多个不同币种的国家和地区开展经营，汇率风险主要来自以非人民币（美元为主）结算的销售、采购以及融资产生的外币敞口及其汇率波动，可能会影响公司的盈利水平。3）全球市场开拓风险：公司业务覆盖全球 150 多个国家和地区，如果业务开展所在国出现贸易保护、债务问题、政治冲突等情况，可能对公司的业务发展产生不利影响。"
海康威视(002415)：宏观环境造成业绩压力 创新和境外业务快速增长,公司,东方证券股份有限公司,蒯剑,2022-08-14,"海康上半年实现营收372.6 亿元，同比增长10%；实现归母净利润57.6 亿元，同比下降11%；公司持续高强度研发投入和技术导向，上半年研发费用同比增长21%至46.8 亿元。二季度单季的营收和归母净利润分别为207.4 和34.8 亿元，同比分别增长4%和-19%。二季度毛利率42.7%，同环比有所下降，仍处于较为健康状态。存货金额首次突破200 亿元，在复杂国际形势下为公司的供应链安全和交付提供保障。   
    创新业务持续快速增长：创新业务整体收入70.1 亿元，同比增长26%，占公司营收比重达到19%。其中，汽车电子营收同比增长49%至8.2 亿元，机器人营收同比增长45%至17.7 亿元，热成像营收同比增长32%至13.6 亿元，智能家居和存储业务平稳，消防、睿影和慧影等其它创新业务同比增长64%至3.7 亿元。海康有序推进创新业务子公司分拆上市工作：萤石网络的科创板IPO 申请获上交所科创板上市委员会审核通过，机器人分拆上市预案获得公司董事会审议通过。   
    境内主业平稳，境外主业快速增长：受宏观环境影响，境内主业的PBG、EBG 和SMBG 三大事业群上半年营收都在60-70 亿元，同比增长都在-2%至4%之间。据中安网的不完全统计，仅22 年6-7 月两个月，千万元级以上的“雪亮工程”招标项目就达23 个。市域社会治理现代化建设即将进入2023 年至2025 年的第二期，给海康为龙头的视频物联行业带来持续增长的动能。视频物联设备应用领域正从交通、公安拓展至应急管理、消防、疫情防控、生态保护、司法、金融等一众市政、民政领域，智慧水利、智慧消防、智慧应急等政府需求也将陆续释放，从而为视频物联市场带来新增长。境外主业营收同比增长19%至96.9 亿元，体现了海康在复杂国际局势下的强大业务发展韧性。   
    我们预测公司22-24 年每股收益分别为1.97、2.38、2.81 元（原22-24 年预测为2.13、2.58、3.07 元，受宏观环境影响小幅下调传统主业事业群收入及毛利率预测），根据可比公司22 年26 倍PE 估值水平，对应目标价为51.23 元，维持买入评级。   
    风险提示   
    宏观经济发展不及预期，海外业务发展不及预期，创新业务发展不及预期。"
海康威视(002415)：业绩短期承压 海外与创新业务增长迅速,公司,华安证券股份有限公司,胡杨,2022-08-14,"公司公告   
　　8 月12 日，公司发布2022 年半年度报告，上半年公司实现营业收入372.58 亿元，同比去年增长9.90%；实现归母净利润57.59 亿元，同比去年减少11.14%；实现扣非后归母净利润56.46 亿元，同比去年减少9.25%。   
　　点评   
　　疫情之下收入端表现稳健，稳中有增，利润端短期承压。上半年国内经济环境充满挑战的背景之下，公司聚焦自身能力成长，收入端依旧实现稳健增长，收入Q2 单季度同比增长4.13%。而因海内外供货、运营成本提升，上半年业务规模扩张与人员增长拉动费用增长等原因，利润端短期承压；盈利能力略有下降，毛利率、净利率分别为43.14%、16.48%。   
　　海外业务与创新业务表现可圈可点，国内业务上半年压力释放。上半年收入稳健增长主要得益于海外业务与创新业务的亮眼表现，国内业务在下半年经济加速复苏后在手订单可期。1）海外业务：得益海外较小的疫情扰动，以及海外对智能物联业务的快速增长的市场需求，上半年海外业务实现营收117.12 亿元，同比增长23.72%，其中境外主业创收96.86亿元（+18.89%）。2）创新业务：8 大创新子公司加速发展，为公司长期发展注入新动力，上半年创新业务实现营收70.08 亿元，同比增长25.62%，占公司营收比重达到18.81%，且萤石网络与机器人子公司稳步推进上市步伐。其中，汽车电子、机器人、热成像等业务受益下游快速增长的新兴市场需求，增速表现亮眼，分别增长49.23%/44.75%/32.32%。   
　　3）国内业务：上半年受疫情扰动，国内经济发展增速承压，公司在强劲的内生力与供应链调控能力下，仍然展现出强劲韧性，其中PBG/EBG/SMBG收入变化分别为-1.4%/+2.58%/+3.97%。G 端业务表现稳健，B 端业务在能源冶金等领域增长较为明显，C 端业务通过产品品类扩张与多渠道运营建设抵御了一部分外围经济影响。   
　　始终注重技术研发与供应链调控，长期视角行稳致远。技术侧，公司从长远视角出发布局人才招聘、加大基础领域研发力度与国内外营销网络搭建，上半年销售费用与管理费用分别增长8.25%、36.28%。二十年发展以来，公司始终注重技术创新，上半年加速几大研发中心布局，研发投入达46.75 亿元，研发投入占比12.55%，同比增长20.56%。供应链侧，受海外形势动荡、疫情等不确定性影响、国内供应运输受阻等因素，公司近几年采用战略备货水位库存政策，保障业务稳健推进；Q2 加大采购备货，经营性现金流因此下降209.97%，存货金额达206.76 亿元，占总资产比例为19.71%。   
　　投资建议   
　　基于公司在智能物联领域的深入研究，前瞻性的AIoT、大数据、云计算等技术布局，全球化视角的区域业务布局，我们依然看好公司五到十年的长期发展优势。基于今年海外业务与创新业务高景气增长态势，以及下半年经济持续复苏的预期，我们预计 2022-2024 年公司归母净利润为184.80、226.00、276.24 亿元，对应市盈率为16.88、13.80、11.29 倍，维持“买入”评级。   
　　风险提示   
　　疫情影响下游市场需求；上游原材料成本波动；技术发展不及预期。"
海康威视(002415)：疫情影响带来业绩阶段性承压 稳健经营应对内外挑战,公司,国盛证券有限责任公司,刘高畅/郑震湘,2022-08-13,"事件：2022 年8 月12 日晚，公司发布2022 年半年报。2022 年上半年，公司实现营业总收入372.58 亿元，比上年同期增长9.90%；实现归母净利润57.59 亿元，比上年同期下降11.14%。公司收入增速符合预期，净利润端承受压力。   
　　直面宏观经济压力，疫情影响带来三大BG 业绩阶段性承压，海外业务与创新业务是拉动增长的最大功臣。1）2022H1，疫情给国内宏观经济带来巨大压力，使得大量G 端、B 端需求出现延后。上半年公司PBG 业务同比下降1.40%，EBG 业务同比增长2.58%，SMBG 增长3.97%。2）值得注意的是，海外由于正逐步走出疫情，因而海外业务需求有所复苏，2022H1 海外主营业务收入增速达到18.89%；同时，创新业务仍处于高速增长阶段，虽然智能家居业务受宏观经济影响而承受压力，但机器人、汽车电子等业务仍然表现出同比40%以上的高增态势，使得整个创新业务板块上半年同比增长25.6%。创新业务与海外业务共同拉动了公司上半年的业绩增长。   
　　随着下半年疫情逐步得到控制，我们预计国内三大BG 业务将会出现回暖，带动公司整体业绩走向复苏。   
　　供应链风险为毛利率与现金流带来压力，公司通过保持战略存货水位积极应对。   
　　2022H1，国内市场遭遇疫情挑战，境外遭遇负面舆情，对公司供应链带来冲击，造成上半年毛利率相比去年同期下降3.16 个pct，经营性净现金流同比增速达到-209.97%，显著下降。为应对内外挑战带来的不确定性，公司通过保持战略备货水位的方式应对，截止2022H1 公司存货达到206.75 亿元，相比去年同期上升近37%，保障业务稳健推进。   
　　积极投入以把握产业机遇，费用端刚性增长为未来打下基础。2022H1，公司持续在国内外营销网络上加大投入，营销费用同比增长8.25%；人员及规模增长，带来管理费用同比增长36.28%；持续聚焦技术创新，研发投入同比增长20.56%。虽然费用端及费用率有所增长，但大多为战略机遇期刚需，公司仍处于产业机遇窗口，公司积极的投入将为未来长期可持续发展夯实基础。   
　　股权激励维持收入15%CAGR 和20%ROE 要求，彰显公司长期稳健增长信心。   
　　2021 年10 月7 日公司发布新一轮股权激励，通过长达五年的完整解锁周期绑定核心人才，本次限制性股票激励计划的条件基本与公司2018 年限制性股票激励计划的大体一致（CAGR 从20%调为15%），彰显出公司管理层在长期发展中所秉持的一致的稳健风格。随着公司沿着光谱的波长通过多维感知技术拓展产品组合，我们认为创新业务有望拉动公司收入增长，传统业务维持稳健，对公司长期稳健增长抱有积极信心。   
　　维持“买入”评级。我们预计公司2022-2024 年实现收入932.96/1120.61/1339.64亿元、实现归母净利润174.37/216.54/268.54 亿元，维持“买入”评级。   
　　风险提示：国内需求不确定性；贸易关系扰动风险；原材料涨价风险；AI 推进不及预期的风险；创新业务孵化不及预期的风险。"
海康威视(002415)重大事项点评：海康机器人分拆上市 智能机器人有望迎产业新浪潮,公司,华创证券有限责任公司,王文龙,2022-07-01,"评论：   
    聚焦机器人视觉和移动机器人，营收和净利润快速增长。6 月10 日，海康威视发布预案，公司拟将其控股子公司海康机器人整体变更为股份有限公司后，分拆至创业板上市。海康机器人是公司下属从事机器视觉和移动机器人业务的子公司，此次分拆上市意欲充分借力资本市场进一步加大海康机器人在机器视觉和移动机器人领域的研发投入，提升海康机器人盈利能力和综合竞争力。海康机器人2019-2021 年实现营收8.1、13.6、27.6 亿元，2020-2021 年同比增速分比为66.9%、103.3%，2019-2021 年归母净利润分别为0.3 亿元、0.8 亿元、4.9 亿元，2020-2021 年同比增速分别为166.7%、506.3%。   
    特斯拉人形机器人将发布，有望掀起机器人产业新浪潮。近日特斯拉CEO 埃隆马斯克宣布原计划2022 年8 月19 日举办的第二次人工智能日活动（AIDay）将推迟到9 月30 日，并表示届时可能会对外展示Optimus 人形机器人。   
    2022 年4 月马斯克表示Optimus 是2022 年最重要的产品开发项目，甚至可能比汽车业务更重要，并且2023 年将开始生产第一台人形机器人。特斯拉将其在视觉算法和芯片算力的积累赋能智能机器人，将加速人工智能在机器人领域的应用水平，有望掀起智能机器人产业的新浪潮。   
    萤石网络过会，8 大创新业务持续孵化。海康威视共有海康机器人、萤石网络、海康微影、海康汽车电子、海康存储、海康消防、海康睿影、海康慧影等8 大创新业务，除了此次启动分拆上市的海康机器人，2022 年6 月6 日，萤石网络也首发过会，届时将登陆科创板。此外，2021 年其中超过 10 亿的创新业务主体从2 个增加到5 个，分别是萤石、机器人、微影、汽车电子、存储业务，公司创新业务的开拓能力和成长性十足。   
    投资建议：PBG、创新业务需求快速增长，PBG 业务市场回暖，公司为行业龙头之一，未来公司或将迎较好发展机遇。我们预计22~24 年的收入增速分别为17.5%，18.4%，18.3%，收入分别为956.3 亿，1132.1 亿，1339.5 亿元，22~24年的归母净利润分别为197.2 亿，234.3 亿，279.6 亿。EPS 分别为2.09/2.48/2.96元/股（22,23 年原预测值为2.20/2.65 元/股）。以22 年6 月30 日收盘价计算市盈率分别为17/15/12 倍。参考公司历史估值水平，给予22 年25 倍PE，对应目标价52.25 元/股，维持“强推”评级。   
    风险提示：法律合规风险；汇率波动风险；全球经营风险。"
